title,score,episode,aired,user
Fullmetal Alchemist: Brotherhood,9.10,TV (64 eps),Apr 2009 - Jul 2010,"3,203,554 members"
Steins;Gate,9.07,TV (24 eps),Apr 2011 - Sep 2011,"2,461,811 members"
Bleach: Sennen Kessen-hen,9.06,TV (13 eps),Oct 2022 - Dec 2022,"463,851 members"
Gintama°,9.06,TV (51 eps),Apr 2015 - Mar 2016,"601,875 members"
Shingeki no Kyojin Season 3 Part 2,9.05,TV (10 eps),Apr 2019 - Jul 2019,"2,131,225 members"
Shingeki no Kyojin: The Final Season - Kanketsu-hen,9.04,Special (2 eps),Mar 2023 - 2023,"460,249 members"
Gintama',9.04,TV (51 eps),Apr 2011 - Mar 2012,"531,110 members"
Gintama: The Final,9.04,Movie (1 eps),Jan 2021 - Jan 2021,"135,713 members"
Hunter x Hunter (2011),9.04,TV (148 eps),Oct 2011 - Sep 2014,"2,685,156 members"
Kaguya-sama wa Kokurasetai: Ultra Romantic,9.04,TV (13 eps),Apr 2022 - Jun 2022,"841,314 members"
Gintama': Enchousen,9.03,TV (13 eps),Oct 2012 - Mar 2013,"311,956 members"
Ginga Eiyuu Densetsu,9.02,OVA (110 eps),Jan 1988 - Mar 1997,"307,713 members"
Fruits Basket: The Final,9.00,TV (13 eps),Apr 2021 - Jun 2021,"439,457 members"
Gintama.,8.98,TV (12 eps),Jan 2017 - Mar 2017,"300,702 members"
Bleach: Sennen Kessen-hen - Ketsubetsu-tan,8.95,TV (13 eps),Jul 2023 -,"156,893 members"
Gintama,8.94,TV (201 eps),Apr 2006 - Mar 2010,"1,030,385 members"
Koe no Katachi,8.94,Movie (1 eps),Sep 2016 - Sep 2016,"2,216,175 members"
3-gatsu no Lion 2nd Season,8.93,TV (22 eps),Oct 2017 - Mar 2018,"386,730 members"
Clannad: After Story,8.93,TV (24 eps),Oct 2008 - Mar 2009,"1,157,029 members"
Code Geass: Hangyaku no Lelouch R2,8.91,TV (25 eps),Apr 2008 - Sep 2008,"1,713,009 members"
Gintama Movie 2: Kanketsu-hen - Yorozuya yo Eien Nare,8.91,Movie (1 eps),Jul 2013 - Jul 2013,"231,342 members"
Violet Evergarden Movie,8.89,Movie (1 eps),Sep 2020 - Sep 2020,"558,458 members"
Owarimonogatari 2nd Season,8.88,TV (7 eps),Aug 2017 - Aug 2017,"383,536 members"
Gintama.: Shirogane no Tamashii-hen - Kouhan-sen,8.88,TV (14 eps),Jul 2018 - Oct 2018,"188,023 members"
Monster,8.87,TV (74 eps),Apr 2004 - Sep 2005,"1,031,127 members"
Kaguya-sama wa Kokurasetai: First Kiss wa Owaranai,8.85,Movie (1 eps),Dec 2022 - Dec 2022,"197,544 members"
Kimi no Na wa.,8.84,Movie (1 eps),Aug 2016 - Aug 2016,"2,622,181 members"
Vinland Saga Season 2,8.83,TV (24 eps),Jan 2023 - Jun 2023,"477,263 members"
Bocchi the Rock!,8.83,TV (12 eps),Oct 2022 - Dec 2022,"451,701 members"
"""Oshi no Ko""",8.82,TV (11 eps),Apr 2023 - Jun 2023,"617,769 members"
Gintama.: Shirogane no Tamashii-hen,8.81,TV (12 eps),Jan 2018 - Mar 2018,"202,391 members"
Kingdom 3rd Season,8.81,TV (26 eps),Apr 2020 - Oct 2021,"92,709 members"
Mob Psycho 100 II,8.80,TV (13 eps),Jan 2019 - Apr 2019,"1,449,313 members"
Shingeki no Kyojin: The Final Season,8.80,TV (16 eps),Dec 2020 - Mar 2021,"1,870,282 members"
Kimetsu no Yaiba: Yuukaku-hen,8.79,TV (11 eps),Dec 2021 - Feb 2022,"1,283,652 members"
Kizumonogatari III: Reiketsu-hen,8.79,Movie (1 eps),Jan 2017 - Jan 2017,"443,604 members"
Sen to Chihiro no Kamikakushi,8.78,Movie (1 eps),Jul 2001 - Jul 2001,"1,776,330 members"
Haikyuu!! Karasuno Koukou vs. Shiratorizawa Gakuen Koukou,8.78,TV (10 eps),Oct 2016 - Dec 2016,"1,151,858 members"
Jujutsu Kaisen 2nd Season,8.78,TV (23 eps),Jul 2023 -,"496,418 members"
Monogatari Series: Second Season,8.77,TV (26 eps),Jul 2013 - Dec 2013,"651,255 members"
Shingeki no Kyojin: The Final Season Part 2,8.77,TV (12 eps),Jan 2022 - Apr 2022,"1,157,668 members"
The First Slam Dunk,8.77,Movie (1 eps),Dec 2022 - Dec 2022,"23,169 members"
Hajime no Ippo,8.76,TV (75 eps),Oct 2000 - Mar 2002,"554,356 members"
Cowboy Bebop,8.75,TV (26 eps),Apr 1998 - Apr 1999,"1,787,161 members"
Vinland Saga,8.74,TV (24 eps),Jul 2019 - Dec 2019,"1,388,767 members"
Kingdom 4th Season,8.74,TV (26 eps),Apr 2022 - Oct 2022,"54,991 members"
Mushishi Zoku Shou 2nd Season,8.73,TV (10 eps),Oct 2014 - Dec 2014,"256,492 members"
Shouwa Genroku Rakugo Shinjuu: Sukeroku Futatabi-hen,8.73,TV (12 eps),Jan 2017 - Mar 2017,"181,753 members"
Mob Psycho 100 III,8.72,TV (12 eps),Oct 2022 - Dec 2022,"590,273 members"
Rurouni Kenshin: Meiji Kenkaku Romantan - Tsuioku-hen,8.71,OVA (4 eps),Feb 1999 - Sep 1999,"270,203 members"
Shiguang Dailiren,8.71,ONA (11 eps),Apr 2021 - Jul 2021,"312,433 members"
86 Part 2,8.71,TV (12 eps),Oct 2021 - Mar 2022,"443,847 members"
Ashita no Joe 2,8.71,TV (47 eps),Oct 1980 - Aug 1981,"48,367 members"
Code Geass: Hangyaku no Lelouch,8.70,TV (25 eps),Oct 2006 - Jul 2007,"2,167,831 members"
Mushishi Zoku Shou,8.70,TV (10 eps),Apr 2014 - Jun 2014,"290,112 members"
Mushoku Tensei: Isekai Ittara Honki Dasu Part 2,8.70,TV (12 eps),Oct 2021 - Dec 2021,"812,110 members"
One Piece,8.70,TV (? eps),Oct 1999 -,"2,201,046 members"
Great Teacher Onizuka,8.69,TV (43 eps),Jun 1999 - Sep 2000,"794,442 members"
Bungou Stray Dogs 5th Season,8.68,TV (11 eps),Jul 2023 -,"99,997 members"
Fate/stay night Movie: Heaven's Feel - III. Spring Song,8.68,Movie (1 eps),Aug 2020 - Aug 2020,"328,405 members"
Odd Taxi,8.68,TV (13 eps),Apr 2021 - Jun 2021,"396,947 members"
Mononoke Hime,8.67,Movie (1 eps),Jul 1997 - Jul 1997,"1,200,839 members"
Violet Evergarden,8.67,TV (13 eps),Jan 2018 - Apr 2018,"1,694,316 members"
Hajime no Ippo: New Challenger,8.66,TV (26 eps),Jan 2009 - Jul 2009,"270,797 members"
Howl no Ugoku Shiro,8.66,Movie (1 eps),Nov 2004 - Nov 2004,"1,267,553 members"
Made in Abyss,8.66,TV (13 eps),Jul 2017 - Sep 2017,"1,308,803 members"
Made in Abyss: Retsujitsu no Ougonkyou,8.66,TV (12 eps),Jul 2022 - Sep 2022,"395,343 members"
Mushishi,8.66,TV (26 eps),Oct 2005 - Jun 2006,"799,539 members"
Natsume Yuujinchou Shi,8.65,TV (13 eps),Jan 2012 - Mar 2012,"237,865 members"
Shigatsu wa Kimi no Uso,8.65,TV (22 eps),Oct 2014 - Mar 2015,"2,128,733 members"
Kaguya-sama wa Kokurasetai? Tensai-tachi no Renai Zunousen,8.64,TV (12 eps),Apr 2020 - Jun 2020,"1,273,215 members"
Haikyuu!! Second Season,8.63,TV (25 eps),Oct 2015 - Mar 2016,"1,372,145 members"
Jujutsu Kaisen,8.63,TV (24 eps),Oct 2020 - Mar 2021,"2,299,481 members"
Tengen Toppa Gurren Lagann,8.63,TV (27 eps),Apr 2007 - Sep 2007,"1,558,018 members"
Death Note,8.62,TV (37 eps),Oct 2006 - Jun 2007,"3,744,680 members"
JoJo no Kimyou na Bouken Part 6: Stone Ocean Part 3,8.62,ONA (14 eps),Dec 2022 - Dec 2022,"159,823 members"
Made in Abyss Movie 3: Fukaki Tamashii no Reimei,8.62,Movie (1 eps),Jan 2020 - Jan 2020,"429,982 members"
Natsume Yuujinchou Roku,8.62,TV (11 eps),Apr 2017 - Jun 2017,"179,344 members"
Ping Pong the Animation,8.62,TV (11 eps),Apr 2014 - Jun 2014,"377,995 members"
Shingeki no Kyojin Season 3,8.62,TV (12 eps),Jul 2018 - Oct 2018,"2,237,015 members"
Kimetsu no Yaiba Movie: Mugen Ressha-hen,8.61,Movie (1 eps),Oct 2020 - Oct 2020,"1,428,876 members"
Suzumiya Haruhi no Shoushitsu,8.61,Movie (1 eps),Feb 2010 - Feb 2010,"593,291 members"
Mushoku Tensei II: Isekai Ittara Honki Dasu,8.60,TV (12 eps),Jul 2023 -,"329,303 members"
Seishun Buta Yarou wa Yumemiru Shoujo no Yume wo Minai,8.60,Movie (1 eps),Jun 2019 - Jun 2019,"673,368 members"
Spy x Family,8.60,TV (12 eps),Apr 2022 - Jun 2022,"1,383,820 members"
Cyberpunk: Edgerunners,8.60,ONA (10 eps),Sep 2022 - Sep 2022,"610,821 members"
Evangelion: 3.0+1.0 Thrice Upon a Time,8.60,Movie (1 eps),Mar 2021 - Mar 2021,"351,899 members"
Hajime no Ippo: Rising,8.60,TV (25 eps),Oct 2013 - Mar 2014,"244,747 members"
Mushishi Zoku Shou: Suzu no Shizuku,8.59,Movie (1 eps),May 2015 - May 2015,"124,028 members"
Ookami Kodomo no Ame to Yuki,8.58,Movie (1 eps),Jul 2012 - Jul 2012,"788,724 members"
JoJo no Kimyou na Bouken Part 5: Ougon no Kaze,8.58,TV (39 eps),Oct 2018 - Jul 2019,"969,594 members"
Chainsaw Man,8.57,TV (12 eps),Oct 2022 - Dec 2022,"1,318,874 members"
Tengen Toppa Gurren Lagann Movie 2: Lagann-hen,8.57,Movie (1 eps),Apr 2009 - Apr 2009,"208,518 members"
Kenpuu Denki Berserk,8.57,TV (25 eps),Oct 1997 - Apr 1998,"616,686 members"
Kizumonogatari II: Nekketsu-hen,8.57,Movie (1 eps),Aug 2016 - Aug 2016,"428,438 members"
Natsume Yuujinchou Go,8.57,TV (11 eps),Oct 2016 - Dec 2016,"178,605 members"
Natsume Yuujinchou San,8.57,TV (13 eps),Jul 2011 - Sep 2011,"245,099 members"
Shouwa Genroku Rakugo Shinjuu,8.57,TV (13 eps),Jan 2016 - Apr 2016,"283,140 members"
Kimi no Suizou wo Tabetai,8.56,Movie (1 eps),Sep 2018 - Sep 2018,"908,007 members"
Yojouhan Shinwa Taikei,8.56,TV (11 eps),Apr 2010 - Jul 2010,"433,086 members"
Zoku Natsume Yuujinchou,8.55,TV (13 eps),Jan 2009 - Mar 2009,"241,232 members"
Fate/Zero 2nd Season,8.55,TV (12 eps),Apr 2012 - Jun 2012,"1,082,615 members"
Fruits Basket 2nd Season,8.55,TV (25 eps),Apr 2020 - Sep 2020,"477,664 members"
Neon Genesis Evangelion: The End of Evangelion,8.55,Movie (1 eps),Jul 1997 - Jul 1997,"889,007 members"
Shoujo☆Kageki Revue Starlight Movie,8.55,Movie (1 eps),Jun 2021 - Jun 2021,"16,774 members"
Mushishi: Hihamukage,8.54,Special (1 eps),Jan 2014 - Jan 2014,"134,444 members"
Nana,8.54,TV (47 eps),Apr 2006 - Mar 2007,"627,164 members"
Ousama Ranking,8.54,TV (23 eps),Oct 2021 - Mar 2022,"589,993 members"
Perfect Blue,8.54,Movie (1 eps),Feb 1998 - Feb 1998,"663,927 members"
Shingeki no Kyojin,8.54,TV (25 eps),Apr 2013 - Sep 2013,"3,776,539 members"
Slam Dunk,8.54,TV (101 eps),Oct 1993 - Mar 1996,"286,506 members"
Haikyuu!! To the Top Part 2,8.54,TV (12 eps),Oct 2020 - Dec 2020,"766,605 members"
Bakuman. 3rd Season,8.53,TV (25 eps),Oct 2012 - Mar 2013,"322,650 members"
Yuru Camp△ Season 2,8.53,TV (13 eps),Jan 2021 - Apr 2021,"208,865 members"
Steins;Gate 0,8.53,TV (23 eps),Apr 2018 - Sep 2018,"837,201 members"
Kara no Kyoukai Movie 5: Mujun Rasen,8.52,Movie (1 eps),Aug 2008 - Aug 2008,"232,319 members"
Koukaku Kidoutai: Stand Alone Complex 2nd GIG,8.52,TV (26 eps),Jan 2004 - Jan 2005,"221,880 members"
Sora yori mo Tooi Basho,8.52,TV (13 eps),Jan 2018 - Mar 2018,"483,339 members"
Gintama Movie 1: Shinyaku Benizakura-hen,8.52,Movie (1 eps),Apr 2010 - Apr 2010,"158,480 members"
Gintama.: Porori-hen,8.52,TV (13 eps),Oct 2017 - Dec 2017,"193,156 members"
Hotaru no Haka,8.51,Movie (1 eps),Apr 1988 - Apr 1988,"644,028 members"
Karakai Jouzu no Takagi-san Movie,8.51,Movie (1 eps),Jun 2022 - Jun 2022,"62,347 members"
Mo Dao Zu Shi: Wanjie Pian,8.51,ONA (12 eps),Aug 2021 - Oct 2021,"73,970 members"
Samurai Champloo,8.51,TV (26 eps),May 2004 - Mar 2005,"1,195,934 members"
Shingeki no Kyojin Season 2,8.51,TV (12 eps),Apr 2017 - Jun 2017,"2,591,466 members"
Summertime Render,8.51,TV (25 eps),Apr 2022 - Sep 2022,"456,780 members"
Yakusoku no Neverland,8.51,TV (12 eps),Jan 2019 - Mar 2019,"1,884,263 members"
Fate/stay night Movie: Heaven's Feel - II. Lost Butterfly,8.50,Movie (1 eps),Jan 2019 - Jan 2019,"369,223 members"
JoJo no Kimyou na Bouken Part 4: Diamond wa Kudakenai,8.50,TV (39 eps),Apr 2016 - Dec 2016,"1,067,998 members"
Kimetsu no Yaiba,8.50,TV (26 eps),Apr 2019 - Sep 2019,"2,849,882 members"
One Punch Man,8.50,TV (12 eps),Oct 2015 - Dec 2015,"3,085,073 members"
Mob Psycho 100,8.49,TV (12 eps),Jul 2016 - Sep 2016,"1,976,562 members"
Uchuu Kyoudai,8.49,TV (99 eps),Apr 2012 - Mar 2014,"188,186 members"
Ansatsu Kyoushitsu 2nd Season,8.49,TV (25 eps),Jan 2016 - Jul 2016,"1,373,182 members"
Aria the Origination,8.48,TV (13 eps),Jan 2008 - Apr 2008,"124,656 members"
Banana Fish,8.48,TV (24 eps),Jul 2018 - Dec 2018,"819,786 members"
Rainbow: Nisha Rokubou no Shichinin,8.48,TV (26 eps),Apr 2010 - Sep 2010,"383,325 members"
Road of Naruto,8.48,ONA (1 eps),Oct 2022 - Oct 2022,"28,412 members"
Shiguang Dailiren II,8.48,ONA (12 eps),Jul 2023 -,"66,621 members"
Mahou Shoujo Madoka★Magica Movie 3: Hangyaku no Monogatari,8.47,Movie (1 eps),Oct 2013 - Oct 2013,"364,137 members"
Chihayafuru 3,8.47,TV (24 eps),Oct 2019 - Mar 2020,"134,062 members"
Gintama: The Semi-Final,8.47,Special (2 eps),Jan 2021 - Jan 2021,"70,569 members"
Jujutsu Kaisen 0 Movie,8.47,Movie (1 eps),Dec 2021 - Dec 2021,"747,756 members"
Nichijou,8.46,TV (26 eps),Apr 2011 - Sep 2011,"859,841 members"
Yuru Camp△ Movie,8.46,Movie (1 eps),Jul 2022 - Jul 2022,"68,222 members"
Yuu☆Yuu☆Hakusho,8.46,TV (112 eps),Oct 1992 - Jan 1995,"659,539 members"
Zoku Owarimonogatari,8.45,Movie (6 eps),Nov 2018 - Nov 2018,"216,370 members"
Bungou Stray Dogs 4th Season,8.45,TV (13 eps),Jan 2023 - Mar 2023,"239,287 members"
Golden Kamuy 3rd Season,8.45,TV (12 eps),Oct 2020 - Dec 2020,"156,723 members"
Kono Subarashii Sekai ni Shukufuku wo! Movie: Kurenai Densetsu,8.45,Movie (1 eps),Aug 2019 - Aug 2019,"734,459 members"
Owarimonogatari,8.45,TV (12 eps),Oct 2015 - Dec 2015,"464,609 members"
Steins;Gate Movie: Fuka Ryouiki no Déjà vu,8.45,Movie (1 eps),Apr 2013 - Apr 2013,"575,762 members"
Re:Zero kara Hajimeru Isekai Seikatsu 2nd Season Part 2,8.44,TV (12 eps),Jan 2021 - Mar 2021,"830,368 members"
Fruits Basket: Prelude,8.44,Movie (1 eps),Feb 2022 - Feb 2022,"94,511 members"
Haikyuu!!,8.44,TV (25 eps),Apr 2014 - Sep 2014,"1,886,911 members"
JoJo no Kimyou na Bouken Part 3: Stardust Crusaders 2nd Season,8.44,TV (24 eps),Jan 2015 - Jun 2015,"1,060,645 members"
Gintama: Yorinuki Gintama-san on Theater 2D,8.43,Movie (2 eps),Aug 2012 - Aug 2012,"42,863 members"
Grand Blue,8.43,TV (12 eps),Jul 2018 - Sep 2018,"739,424 members"
Mononoke,8.43,TV (12 eps),Jul 2007 - Sep 2007,"312,182 members"
Mushishi Zoku Shou: Odoro no Michi,8.43,Special (1 eps),Aug 2014 - Aug 2014,"97,502 members"
Saenai Heroine no Sodatekata Fine,8.43,Movie (1 eps),Oct 2019 - Oct 2019,"174,590 members"
Karakai Jouzu no Takagi-san 3,8.42,TV (12 eps),Jan 2022 - Mar 2022,"174,186 members"
Kono Oto Tomare! Part 2,8.42,TV (13 eps),Oct 2019 - Dec 2019,"166,556 members"
Koukaku Kidoutai: Stand Alone Complex,8.42,TV (26 eps),Oct 2002 - Oct 2003,"387,014 members"
Natsume Yuujinchou Movie: Utsusemi ni Musubu,8.42,Movie (1 eps),Sep 2018 - Sep 2018,"68,515 members"
Saiki Kusuo no Ψ-nan 2,8.42,TV (24 eps),Jan 2018 - Jun 2018,"611,039 members"
Kage no Jitsuryokusha ni Naritakute! 2nd Season,8.42,TV (12 eps),Jul 2023 -,"120,035 members"
Hunter x Hunter,8.41,TV (62 eps),Oct 1999 - Mar 2001,"569,175 members"
Josee to Tora to Sakana-tachi,8.41,Movie (1 eps),Dec 2020 - Dec 2020,"388,936 members"
Kaguya-sama wa Kokurasetai: Tensai-tachi no Renai Zunousen,8.41,TV (12 eps),Jan 2019 - Mar 2019,"1,651,998 members"
Violet Evergarden Gaiden: Eien to Jidou Shuki Ningyou,8.41,Movie (1 eps),Sep 2019 - Sep 2019,"396,425 members"
Vivy: Fluorite Eye's Song,8.41,TV (13 eps),Apr 2021 - Jun 2021,"505,182 members"
Mo Dao Zu Shi,8.41,ONA (15 eps),Jul 2018 - Oct 2018,"220,258 members"
Saiki Kusuo no Ψ-nan,8.41,TV (120 eps),Jul 2016 - Dec 2016,"1,048,452 members"
Shingeki no Kyojin: Kuinaki Sentaku,8.41,OVA (2 eps),Dec 2014 - Apr 2015,"492,937 members"
Major S5,8.40,TV (25 eps),Jan 2009 - Jun 2009,"69,266 members"
Natsume Yuujinchou Roku Specials,8.40,Special (2 eps),Sep 2017 - Oct 2017,"44,770 members"
Sayonara no Asa ni Yakusoku no Hana wo Kazarou,8.40,Movie (1 eps),Feb 2018 - Feb 2018,"408,166 members"
Kara no Kyoukai Movie 7: Satsujin Kousatsu (Go),8.39,Movie (1 eps),Aug 2009 - Aug 2009,"201,710 members"
Kaze ga Tsuyoku Fuiteiru,8.39,TV (23 eps),Oct 2018 - Mar 2019,"288,005 members"
Kimetsu no Yaiba: Mugen Ressha-hen,8.39,TV (7 eps),Oct 2021 - Nov 2021,"657,772 members"
Gintama°: Aizome Kaori-hen,8.39,OVA (2 eps),Aug 2016 - Nov 2016,"82,331 members"
Houseki no Kuni,8.39,TV (12 eps),Oct 2017 - Dec 2017,"439,181 members"
Kamisama Hajimemashita: Kako-hen,8.39,OVA (4 eps),Aug 2015 - Aug 2016,"160,805 members"
Suzume no Tojimari,8.39,Movie (1 eps),Nov 2022 - Nov 2022,"251,898 members"
Tensei shitara Slime Datta Ken 2nd Season,8.39,TV (12 eps),Jan 2021 - Mar 2021,"887,585 members"
Mo Dao Zu Shi: Xian Yun Pian,8.38,ONA (8 eps),Aug 2019 - Sep 2019,"99,748 members"
Mushoku Tensei: Isekai Ittara Honki Dasu,8.38,TV (11 eps),Jan 2021 - Mar 2021,"1,189,886 members"
Non Non Biyori Nonstop,8.38,TV (12 eps),Jan 2021 - Mar 2021,"117,570 members"
3-gatsu no Lion,8.38,TV (22 eps),Oct 2016 - Mar 2017,"657,341 members"
Barakamon,8.38,TV (12 eps),Jul 2014 - Sep 2014,"642,852 members"
Chihayafuru 2,8.38,TV (25 eps),Jan 2013 - Jun 2013,"228,732 members"
Cowboy Bebop: Tengoku no Tobira,8.38,Movie (1 eps),Sep 2001 - Sep 2001,"363,708 members"
Cross Game,8.38,TV (50 eps),Apr 2009 - Mar 2010,"121,695 members"
Baccano!,8.37,TV (13 eps),Jul 2007 - Nov 2007,"883,225 members"
Kizumonogatari I: Tekketsu-hen,8.37,Movie (1 eps),Jan 2016 - Jan 2016,"511,075 members"
Made in Abyss Movie 2: Hourou Suru Tasogare,8.37,Movie (1 eps),Jan 2019 - Jan 2019,"126,468 members"
Mahou Shoujo Madoka★Magica Movie 2: Eien no Monogatari,8.37,Movie (1 eps),Oct 2012 - Oct 2012,"196,545 members"
Kaze no Tani no Nausicaä,8.36,Movie (1 eps),Mar 1984 - Mar 1984,"360,264 members"
Mahou Shoujo Madoka★Magica,8.36,TV (12 eps),Jan 2011 - Apr 2011,"1,242,490 members"
Usagi Drop,8.36,TV (11 eps),Jul 2011 - Sep 2011,"482,788 members"
Yahari Ore no Seishun Love Comedy wa Machigatteiru. Kan,8.36,TV (12 eps),Jul 2020 - Sep 2020,"692,725 members"
Fumetsu no Anata e,8.36,TV (20 eps),Apr 2021 - Aug 2021,"822,401 members"
Haikyuu!! To the Top,8.36,TV (13 eps),Jan 2020 - Apr 2020,"887,438 members"
Bakuman. 2nd Season,8.35,TV (25 eps),Oct 2011 - Mar 2012,"345,591 members"
Boku no Hero Academia 6th Season,8.35,TV (25 eps),Oct 2022 - Mar 2023,"561,394 members"
Gintama: Shiroyasha Koutan,8.35,Special (1 eps),Sep 2008 - Sep 2008,"67,970 members"
Hellsing Ultimate,8.35,OVA (10 eps),Feb 2006 - Dec 2012,"895,398 members"
K-On! Movie,8.35,Movie (1 eps),Dec 2011 - Dec 2011,"319,158 members"
Neon Genesis Evangelion,8.35,TV (26 eps),Oct 1995 - Mar 1996,"1,735,296 members"
Tian Guan Ci Fu,8.35,ONA (11 eps),Oct 2020 - Jan 2021,"122,541 members"
Tian Guan Ci Fu Special,8.35,ONA (1 eps),Feb 2021 - Feb 2021,"40,543 members"
Watashi no Shiawase na Kekkon,8.34,TV (12 eps),Jul 2023 -,"129,403 members"
Kimetsu no Yaiba: Katanakaji no Sato-hen,8.34,TV (11 eps),Apr 2023 - Jun 2023,"643,265 members"
Kiseijuu: Sei no Kakuritsu,8.34,TV (24 eps),Oct 2014 - Mar 2015,"1,795,997 members"
Psycho-Pass,8.34,TV (22 eps),Oct 2012 - Mar 2013,"1,579,462 members"
Re:Zero kara Hajimeru Isekai Seikatsu 2nd Season,8.34,TV (13 eps),Jul 2020 - Sep 2020,"1,053,793 members"
Kidou Senshi Gundam: The Origin,8.33,OVA (6 eps),Feb 2015 - May 2018,"70,307 members"
Natsume Yuujinchou: Itsuka Yuki no Hi ni,8.33,OVA (1 eps),Feb 2014 - Feb 2014,"77,831 members"
One Outs,8.33,TV (25 eps),Oct 2008 - Apr 2009,"230,533 members"
Ramayana: The Legend of Prince Rama,8.33,Movie (1 eps),Jan 1993 - Jan 1993,"9,635 members"
Romeo no Aoi Sora,8.33,TV (33 eps),Jan 1995 - Dec 1995,"48,275 members"
Bakemonogatari,8.33,TV (15 eps),Jul 2009 - Jun 2010,"1,363,002 members"
Blue Lock,8.33,TV (24 eps),Oct 2022 - Mar 2023,"576,461 members"
Given,8.33,TV (11 eps),Jul 2019 - Sep 2019,"541,833 members"
IDOLiSH7 Third Beat! Part 2,8.33,TV (17 eps),Oct 2022 - Feb 2023,"12,069 members"
Initial D First Stage,8.33,TV (26 eps),Apr 1998 - Dec 1998,"358,344 members"
Tensei shitara Slime Datta Ken 2nd Season Part 2,8.33,TV (12 eps),Jul 2021 - Sep 2021,"694,488 members"
Uchuu Senkan Yamato 2199,8.33,OVA (26 eps),May 2012 - Oct 2013,"112,046 members"
Versailles no Bara,8.33,TV (40 eps),Oct 1979 - Sep 1980,"93,373 members"
"Violet Evergarden: Kitto ""Ai"" wo Shiru Hi ga Kuru no Darou",8.33,Special (1 eps),Jul 2018 - Jul 2018,"313,862 members"
Wu Liuqi: Xuanwu Guo Pian,8.33,ONA (10 eps),Jan 2021 - May 2021,"55,196 members"
Kingdom 2nd Season,8.32,TV (39 eps),Jun 2013 - Mar 2014,"118,876 members"
Major S6,8.32,TV (25 eps),Apr 2010 - Sep 2010,"61,278 members"
Natsume Yuujinchou Go Specials,8.32,Special (2 eps),Mar 2017 - Apr 2017,"43,984 members"
Fate/stay night: Unlimited Blade Works 2nd Season,8.32,TV (13 eps),Apr 2015 - Jun 2015,"826,390 members"
Kage no Jitsuryokusha ni Naritakute!,8.32,TV (20 eps),Oct 2022 - Feb 2023,"501,111 members"
Ano Hi Mita Hana no Namae wo Bokutachi wa Mada Shiranai.,8.31,TV (11 eps),Apr 2011 - Jun 2011,"1,563,100 members"
Boku dake ga Inai Machi,8.31,TV (12 eps),Jan 2016 - Mar 2016,"2,011,517 members"
Hunter x Hunter: Original Video Animation,8.31,OVA (8 eps),Jan 2002 - Apr 2002,"123,321 members"
Zom 100: Zombie ni Naru made ni Shitai 100 no Koto,8.31,TV (12 eps),Jul 2023 -,"272,679 members"
Katanagatari,8.31,TV (12 eps),Jan 2010 - Dec 2010,"548,015 members"
Kemono no Souja Erin,8.31,TV (50 eps),Jan 2009 - Dec 2009,"83,979 members"
Natsume Yuujinchou,8.31,TV (13 eps),Jul 2008 - Sep 2008,"523,294 members"
NHK ni Youkoso!,8.31,TV (24 eps),Jul 2006 - Dec 2006,"715,482 members"
Ookami to Koushinryou II,8.31,TV (12 eps),Jul 2009 - Sep 2009,"478,331 members"
Sakamichi no Apollon,8.31,TV (12 eps),Apr 2012 - Jun 2012,"373,873 members"
Kuroko no Basket 3rd Season,8.30,TV (25 eps),Jan 2015 - Jun 2015,"734,915 members"
Spy x Family Part 2,8.30,TV (13 eps),Oct 2022 - Dec 2022,"792,877 members"
Detective Conan Movie 06: The Phantom of Baker Street,8.30,Movie (1 eps),Apr 2002 - Apr 2002,"75,306 members"
Diamond no Ace: Second Season,8.30,TV (51 eps),Apr 2015 - Mar 2016,"133,171 members"
Evangelion: 2.0 You Can (Not) Advance,8.30,Movie (1 eps),Jul 2009 - Jul 2009,"521,924 members"
Hibike! Euphonium 2,8.30,TV (13 eps),Oct 2016 - Dec 2016,"218,687 members"
Ashita no Joe,8.29,TV (79 eps),Apr 1970 - Sep 1971,"86,623 members"
Beck,8.29,TV (26 eps),Oct 2004 - Mar 2005,"329,477 members"
Doukyuusei (Movie),8.29,Movie (1 eps),Feb 2016 - Feb 2016,"258,528 members"
Dr. Stone,8.29,TV (24 eps),Jul 2019 - Dec 2019,"1,650,202 members"
Ginga Eiyuu Densetsu: Die Neue These - Gekitotsu,8.29,Movie (12 eps),Mar 2022 - May 2022,"19,155 members"
Gintama: Shinyaku Benizakura-hen,8.29,Special (1 eps),Dec 2010 - Dec 2010,"42,465 members"
Hotarubi no Mori e,8.29,Movie (1 eps),Sep 2011 - Sep 2011,"797,186 members"
Kino no Tabi: The Beautiful World,8.29,TV (13 eps),Apr 2003 - Jul 2003,"301,701 members"
Kobayashi-san Chi no Maid Dragon S,8.29,TV (12 eps),Jul 2021 - Sep 2021,"526,431 members"
Major: World Series,8.29,OVA (2 eps),Dec 2011 - Jan 2012,"35,789 members"
Rurouni Kenshin: Meiji Kenkaku Romantan,8.29,TV (94 eps),Jan 1996 - Sep 1998,"481,603 members"
Steins;Gate: Oukoubakko no Poriomania,8.29,Special (1 eps),Feb 2012 - Feb 2012,"426,210 members"
Tenki no Ko,8.29,Movie (1 eps),Jul 2019 - Jul 2019,"941,552 members"
86,8.28,TV (11 eps),Apr 2021 - Jun 2021,"701,871 members"
Boku no Kokoro no Yabai Yatsu,8.28,TV (12 eps),Apr 2023 - Jun 2023,"185,820 members"
Fate/Zero,8.28,TV (13 eps),Oct 2011 - Dec 2011,"1,457,274 members"
Initial D Final Stage,8.28,TV (4 eps),May 2014 - Jun 2014,"134,000 members"
Redline,8.28,Movie (1 eps),Aug 2009 - Aug 2009,"362,339 members"
Shinsekai yori,8.28,TV (25 eps),Sep 2012 - Mar 2013,"760,034 members"
Shirobako,8.28,TV (24 eps),Oct 2014 - Mar 2015,"434,107 members"
Koukaku Kidoutai,8.27,Movie (1 eps),Nov 1995 - Nov 1995,"609,468 members"
Nodame Cantabile,8.27,TV (23 eps),Jan 2007 - Jun 2007,"307,827 members"
Tokyo Godfathers,8.27,Movie (1 eps),Nov 2003 - Nov 2003,"279,746 members"
Tsubasa: Tokyo Revelations,8.27,OVA (3 eps),Nov 2007 - Mar 2008,"93,582 members"
World Trigger 3rd Season,8.27,TV (14 eps),Oct 2021 - Jan 2022,"106,672 members"
Yuru Camp△,8.27,TV (12 eps),Jan 2018 - Mar 2018,"465,685 members"
Yuukoku no Moriarty Part 2,8.27,TV (13 eps),Apr 2021 - Jun 2021,"231,948 members"
Fate/strange Fake: Whispers of Dawn,8.27,Special (1 eps),Jul 2023 - Jul 2023,"58,457 members"
Gin no Saji 2nd Season,8.27,TV (11 eps),Jan 2014 - Mar 2014,"142,161 members"
Gyakkyou Burai Kaiji: Ultimate Survivor,8.27,TV (26 eps),Oct 2007 - Apr 2008,"341,558 members"
Diamond no Ace: Act II,8.26,TV (52 eps),Apr 2019 - Mar 2020,"85,763 members"
Ginga Eiyuu Densetsu: Die Neue These - Sakubou,8.26,Movie (12 eps),Sep 2022 - Nov 2022,"12,050 members"
Ginga Eiyuu Densetsu: Die Neue These - Seiran 3,8.26,Movie (4 eps),Nov 2019 - Nov 2019,"24,614 members"
Hajime no Ippo: Champion Road,8.26,Special (1 eps),Apr 2003 - Apr 2003,"130,372 members"
Kono Subarashii Sekai ni Shukufuku wo! 2,8.26,TV (10 eps),Jan 2017 - Mar 2017,"1,450,774 members"
Naruto: Shippuuden,8.26,TV (500 eps),Feb 2007 - Mar 2017,"2,372,592 members"
Planetes,8.26,TV (26 eps),Oct 2003 - Apr 2004,"245,505 members"
Space☆Dandy 2nd Season,8.26,TV (13 eps),Jul 2014 - Sep 2014,"162,771 members"
Stranger: Mukou Hadan,8.26,Movie (1 eps),Sep 2007 - Sep 2007,"324,037 members"
Tenkuu no Shiro Laputa,8.26,Movie (1 eps),Aug 1986 - Aug 1986,"464,881 members"
Tonari no Totoro,8.25,Movie (1 eps),Apr 1988 - Apr 1988,"1,018,462 members"
Bakemono no Ko,8.25,Movie (1 eps),Jul 2015 - Jul 2015,"411,027 members"
Gyakkyou Burai Kaiji: Hakairoku-hen,8.25,TV (26 eps),Apr 2011 - Sep 2011,"187,062 members"
Hunter x Hunter: Greed Island Final,8.25,OVA (14 eps),Mar 2004 - Aug 2004,"140,434 members"
Kuroshitsuji Movie: Book of the Atlantic,8.25,Movie (1 eps),Jan 2017 - Jan 2017,"188,033 members"
Non Non Biyori Movie: Vacation,8.25,Movie (1 eps),Aug 2018 - Aug 2018,"74,854 members"
Sennen Joyuu,8.25,Movie (1 eps),Sep 2002 - Sep 2002,"177,923 members"
Steins;Gate: Kyoukaimenjou no Missing Link - Divide By Zero,8.25,Special (1 eps),Dec 2015 - Dec 2015,"250,731 members"
Seishun Buta Yarou wa Bunny Girl Senpai no Yume wo Minai,8.24,TV (13 eps),Oct 2018 - Dec 2018,"1,655,447 members"
Youjo Senki Movie,8.24,Movie (1 eps),Feb 2019 - Feb 2019,"264,145 members"
Detective Conan: Episode One - The Great Detective Turned Small,8.24,Special (1 eps),Dec 2016 - Dec 2016,"29,765 members"
Dororo,8.24,TV (24 eps),Jan 2019 - Jun 2019,"1,161,369 members"
Dungeon ni Deai wo Motomeru no wa Machigatteiru Darou ka IV: Fuka Shou - Yakusai-hen,8.24,TV (11 eps),Jan 2023 - Mar 2023,"175,558 members"
Golden Kamuy 2nd Season,8.24,TV (12 eps),Oct 2018 - Dec 2018,"192,510 members"
Danshi Koukousei no Nichijou,8.23,TV (12 eps),Jan 2012 - Mar 2012,"797,953 members"
Hajime no Ippo: Mashiba vs. Kimura,8.23,OVA (1 eps),Sep 2003 - Sep 2003,"104,312 members"
Holo no Graffiti,8.23,ONA (? eps),May 2019 -,"52,733 members"
Kidou Senshi Gundam: Tekketsu no Orphans 2nd Season,8.23,TV (25 eps),Oct 2016 - Apr 2017,"137,220 members"
Nodame Cantabile: Finale,8.23,TV (11 eps),Jan 2010 - Mar 2010,"125,650 members"
Re:Zero kara Hajimeru Isekai Seikatsu,8.23,TV (25 eps),Apr 2016 - Sep 2016,"2,109,204 members"
Sasaki to Miyano,8.23,TV (12 eps),Jan 2022 - Mar 2022,"174,112 members"
Sono Bisque Doll wa Koi wo Suru,8.23,TV (12 eps),Jan 2022 - Mar 2022,"959,442 members"
Tengoku Daimakyou,8.23,TV (13 eps),Apr 2023 - Jun 2023,"342,401 members"
Tanoshii Muumin Ikka,8.22,TV (78 eps),Apr 1990 - Oct 1991,"25,868 members"
Trigun,8.22,TV (26 eps),Apr 1998 - Sep 1998,"733,381 members"
Ao Ashi,8.22,TV (24 eps),Apr 2022 - Sep 2022,"188,878 members"
Bungou Stray Dogs 3rd Season,8.22,TV (12 eps),Apr 2019 - Jun 2019,"591,737 members"
Dr. Stone: Ryuusui,8.22,Special (1 eps),Jul 2022 - Jul 2022,"241,160 members"
Fruits Basket 1st Season,8.22,TV (25 eps),Apr 2019 - Sep 2019,"783,845 members"
Great Pretender,8.22,TV (23 eps),Jul 2020 - Dec 2020,"623,456 members"
Horimiya: Piece,8.22,TV (13 eps),Jul 2023 -,"196,195 members"
IDOLiSH7 Third Beat!,8.22,TV (13 eps),Jul 2021 - Sep 2021,"20,684 members"
Kono Sekai no Katasumi ni,8.22,Movie (1 eps),Nov 2016 - Nov 2016,"180,758 members"
Kotarou wa Hitorigurashi,8.22,ONA (10 eps),Mar 2022 - Mar 2022,"135,517 members"
Kuroko no Basket 2nd Season,8.22,TV (25 eps),Oct 2013 - Mar 2014,"826,800 members"
Magi: The Kingdom of Magic,8.22,TV (25 eps),Oct 2013 - Mar 2014,"819,283 members"
Majo no Takkyuubin,8.22,Movie (1 eps),Jul 1989 - Jul 1989,"554,169 members"
Major S1,8.22,TV (26 eps),Nov 2004 - May 2005,"98,808 members"
Major S3,8.22,TV (26 eps),Jan 2007 - Jun 2007,"67,646 members"
Mimi wo Sumaseba,8.22,Movie (1 eps),Jul 1995 - Jul 1995,"342,705 members"
One Piece Movie 14: Stampede,8.22,Movie (1 eps),Aug 2019 - Aug 2019,"174,582 members"
Ookami to Koushinryou,8.22,TV (13 eps),Jan 2008 - Mar 2008,"792,008 members"
Mahou Shoujo Madoka★Magica Movie 1: Hajimari no Monogatari,8.21,Movie (1 eps),Oct 2012 - Oct 2012,"193,564 members"
Shoujo Shuumatsu Ryokou,8.21,TV (12 eps),Oct 2017 - Dec 2017,"325,508 members"
SKET Dance,8.21,TV (77 eps),Apr 2011 - Sep 2012,"220,508 members"
xxxHOLiC◆Kei,8.21,TV (13 eps),Apr 2008 - Jun 2008,"139,517 members"
Yahari Ore no Seishun Love Comedy wa Machigatteiru. Zoku,8.21,TV (13 eps),Apr 2015 - Jun 2015,"1,024,935 members"
Cardcaptor Sakura Movie 2: Fuuin Sareta Card,8.21,Movie (1 eps),Jul 2000 - Jul 2000,"112,641 members"
Detective Conan Movie 13: The Raven Chaser,8.21,Movie (1 eps),Apr 2009 - Apr 2009,"57,690 members"
Kamisama Hajimemashita◎,8.21,TV (12 eps),Jan 2015 - Mar 2015,"388,689 members"
Berserk: Ougon Jidai-hen III - Kourin,8.20,Movie (1 eps),Feb 2013 - Feb 2013,"216,044 members"
Hachimitsu to Clover II,8.20,TV (12 eps),Jun 2006 - Sep 2006,"104,760 members"
Haikyuu!! Movie 4: Concept no Tatakai,8.20,Movie (1 eps),Sep 2017 - Sep 2017,"79,125 members"
Horimiya,8.20,TV (13 eps),Jan 2021 - Apr 2021,"1,271,567 members"
InuYasha: Kanketsu-hen,8.20,TV (26 eps),Oct 2009 - Mar 2010,"274,253 members"
Kaguya-hime no Monogatari,8.20,Movie (1 eps),Nov 2013 - Nov 2013,"218,852 members"
Nomad: Megalo Box 2,8.20,TV (13 eps),Apr 2021 - Jun 2021,"192,434 members"
ReLIFE: Kanketsu-hen,8.20,Special (4 eps),Mar 2018 - Mar 2018,"374,493 members"
Saiki Kusuo no Ψ-nan: Kanketsu-hen,8.20,Special (1 eps),Dec 2018 - Dec 2018,"208,510 members"
Shoujo Kakumei Utena,8.20,TV (39 eps),Apr 1997 - Dec 1997,"209,810 members"
Vanitas no Karte Part 2,8.20,TV (12 eps),Jan 2022 - Apr 2022,"254,215 members"
xxxHOLiC Rou,8.19,OVA (2 eps),Apr 2010 - Mar 2011,"67,661 members"
Yojouhan Time Machine Blues,8.19,ONA (6 eps),Sep 2022 - Oct 2022,"36,096 members"
Yoru wa Mijikashi Arukeyo Otome,8.19,Movie (1 eps),Apr 2017 - Apr 2017,"120,091 members"
Asobi Asobase,8.19,TV (12 eps),Jul 2018 - Sep 2018,"455,269 members"
Bakuman.,8.19,TV (25 eps),Oct 2010 - Apr 2011,"606,176 members"
Bungou Stray Dogs 2nd Season,8.19,TV (12 eps),Oct 2016 - Dec 2016,"811,091 members"
Fate/stay night: Unlimited Blade Works,8.19,TV (12 eps),Oct 2014 - Dec 2014,"1,032,481 members"
Little Busters! Refrain,8.19,TV (13 eps),Oct 2013 - Dec 2013,"162,719 members"
Liz to Aoi Tori,8.19,Movie (1 eps),Apr 2018 - Apr 2018,"130,893 members"
Lycoris Recoil,8.19,TV (13 eps),Jul 2022 - Sep 2022,"435,381 members"
Maison Ikkoku,8.19,TV (96 eps),Mar 1986 - Mar 1988,"69,636 members"
Major S2,8.19,TV (26 eps),Dec 2005 - Jun 2006,"70,179 members"
Major S4,8.19,TV (26 eps),Jan 2008 - Jun 2008,"63,924 members"
No Game No Life: Zero,8.19,Movie (1 eps),Jul 2017 - Jul 2017,"838,957 members"
One Piece: Episode of Merry - Mou Hitori no Nakama no Monogatari,8.19,Special (1 eps),Aug 2013 - Aug 2013,"59,446 members"
Senki Zesshou Symphogear XV,8.19,TV (13 eps),Jul 2019 - Sep 2019,"37,559 members"
Stand By Me Doraemon 2,8.19,Movie (1 eps),Nov 2020 - Nov 2020,"21,541 members"
Non Non Biyori Repeat,8.18,TV (12 eps),Jul 2015 - Sep 2015,"194,644 members"
Ballroom e Youkoso,8.18,TV (24 eps),Jul 2017 - Dec 2017,"319,906 members"
Chihayafuru,8.18,TV (25 eps),Oct 2011 - Mar 2012,"446,485 members"
Girls & Panzer Movie,8.18,Movie (1 eps),Nov 2015 - Nov 2015,"102,181 members"
Higurashi no Naku Koro ni Kai,8.18,TV (24 eps),Jul 2007 - Dec 2007,"468,555 members"
Hunter x Hunter: Greed Island,8.18,OVA (8 eps),Feb 2003 - Apr 2003,"151,266 members"
Aria the Natural,8.17,TV (26 eps),Apr 2006 - Sep 2006,"76,985 members"
Black Lagoon: The Second Barrage,8.17,TV (12 eps),Oct 2006 - Dec 2006,"500,504 members"
Detective Conan,8.17,TV (? eps),Jan 1996 -,"337,287 members"
Detective Conan Movie 20: The Darkest Nightmare,8.17,Movie (1 eps),Apr 2016 - Apr 2016,"39,747 members"
Digimon Adventure: Last Evolution Kizuna,8.17,Movie (1 eps),Feb 2020 - Feb 2020,"41,071 members"
Dr. Stone: Stone Wars,8.17,TV (11 eps),Jan 2021 - Mar 2021,"976,621 members"
Fate/stay night Movie: Heaven's Feel - I. Presage Flower,8.17,Movie (1 eps),Oct 2017 - Oct 2017,"435,692 members"
Girls & Panzer: Saishuushou Part 3,8.17,Movie (1 eps),Mar 2021 - Mar 2021,"23,931 members"
JoJo no Kimyou na Bouken Part 6: Stone Ocean,8.17,ONA (12 eps),Dec 2021 - Dec 2021,"459,565 members"
K-On!!,8.17,TV (26 eps),Apr 2010 - Sep 2010,"673,120 members"
Toaru Kagaku no Railgun T,8.17,TV (25 eps),Jan 2020 - Sep 2020,"221,608 members"
Wu Liuqi: Zui Qiang Fa Xing Shi,8.17,ONA (10 eps),Oct 2019 - Jan 2020,"67,346 members"
Paripi Koumei,8.17,TV (12 eps),Apr 2022 - Jun 2022,"269,769 members"
Made in Abyss Movie 1: Tabidachi no Yoake,8.16,Movie (1 eps),Jan 2019 - Jan 2019,"120,302 members"
Ouran Koukou Host Club,8.16,TV (26 eps),Apr 2006 - Sep 2006,"1,088,590 members"
Quanzhi Gaoshou Specials,8.16,ONA (3 eps),Apr 2018 - May 2018,"102,727 members"
Akira,8.16,Movie (1 eps),Jul 1988 - Jul 1988,"813,165 members"
Cardcaptor Sakura,8.16,TV (70 eps),Apr 1998 - Mar 2000,"423,382 members"
Dr. Stone: New World,8.16,TV (11 eps),Apr 2023 - Jun 2023,"375,697 members"
Dragon Ball Super: Broly,8.16,Movie (1 eps),Dec 2018 - Dec 2018,"377,835 members"
Dragon Ball Z,8.16,TV (291 eps),Apr 1989 - Jan 1996,"1,184,691 members"
Initial D Fourth Stage,8.16,TV (24 eps),Apr 2004 - Feb 2006,"175,856 members"
Initial D Second Stage,8.16,TV (13 eps),Oct 1999 - Jan 2000,"205,493 members"
Jigokuraku,8.16,TV (13 eps),Apr 2023 - Jul 2023,"532,138 members"
"Kamisama Hajimemashita: Kamisama, Shiawase ni Naru",8.16,OVA (1 eps),Dec 2016 - Dec 2016,"62,153 members"
Tengen Toppa Gurren Lagann Movie 1: Gurren-hen,8.16,Movie (1 eps),Sep 2008 - Sep 2008,"159,318 members"
Yuukoku no Moriarty,8.16,TV (11 eps),Oct 2020 - Dec 2020,"395,757 members"
Kyoukai no Kanata Movie 2: I'll Be Here - Mirai-hen,8.15,Movie (1 eps),Apr 2015 - Apr 2015,"253,644 members"
Lupin III: Cagliostro no Shiro,8.15,Movie (1 eps),Dec 1979 - Dec 1979,"112,049 members"
Major: Message,8.15,OVA (1 eps),Dec 2010 - Dec 2010,"29,870 members"
Natsume Yuujinchou: Ishi Okoshi to Ayashiki Raihousha,8.15,Movie (1 eps),Jan 2021 - Jan 2021,"33,134 members"
Non Non Biyori Nonstop: Bukatsu wo Ganbatta,8.15,OVA (1 eps),Mar 2022 - Mar 2022,"18,015 members"
Noragami Aragoto,8.15,TV (13 eps),Oct 2015 - Dec 2015,"1,411,834 members"
Shokugeki no Souma,8.15,TV (24 eps),Apr 2015 - Sep 2015,"1,595,305 members"
Skip to Loafer,8.15,TV (12 eps),Apr 2023 - Jun 2023,"195,341 members"
Black Clover,8.15,TV (170 eps),Oct 2017 - Mar 2021,"1,573,565 members"
Buddy Daddies,8.15,TV (12 eps),Jan 2023 - Apr 2023,"220,675 members"
Death Parade,8.15,TV (12 eps),Jan 2015 - Mar 2015,"1,702,748 members"
Doraemon Movie 31: Shin Nobita to Tetsujin Heidan - Habatake Tenshi-tachi,8.15,Movie (1 eps),Mar 2011 - Mar 2011,"13,941 members"
Eiga Daisuki Pompo-san,8.15,Movie (1 eps),Jun 2021 - Jun 2021,"34,208 members"
Ginga Eiyuu Densetsu: Die Neue These - Seiran 2,8.15,Movie (4 eps),Oct 2019 - Oct 2019,"23,857 members"
Given: Uragawa no Sonzai,8.15,OVA (1 eps),Dec 2021 - Dec 2021,"80,651 members"
IDOLiSH7 Second Beat!,8.15,TV (15 eps),Apr 2020 - Dec 2020,"29,479 members"
Kaguya-sama wa Kokurasetai: Ultra Romantic Teaser PV - Ishigami Yuu wa Kataritai,8.15,ONA (1 eps),Oct 2021 - Oct 2021,"53,280 members"
Detective Conan Movie 26: Kurogane no Submarine,8.14,Movie (1 eps),Apr 2023 - Apr 2023,"7,002 members"
Gankutsuou,8.14,TV (24 eps),Oct 2004 - Mar 2005,"242,395 members"
Given Movie,8.14,Movie (1 eps),Aug 2020 - Aug 2020,"222,838 members"
Haikyuu!! Movie 3: Sainou to Sense,8.14,Movie (1 eps),Sep 2017 - Sep 2017,"82,120 members"
Hinamatsuri (TV),8.14,TV (12 eps),Apr 2018 - Jun 2018,"491,988 members"
Kaiba,8.14,TV (12 eps),Apr 2008 - Jul 2008,"146,703 members"
Tensei shitara Slime Datta Ken,8.14,TV (24 eps),Oct 2018 - Mar 2019,"1,355,254 members"
Working!!! Lord of the Takanashi,8.14,Special (1 eps),Mar 2016 - Mar 2016,"100,509 members"
Nisemonogatari,8.14,TV (11 eps),Jan 2012 - Mar 2012,"714,803 members"
Nodame Cantabile: Paris-hen,8.14,TV (11 eps),Oct 2008 - Dec 2008,"122,229 members"
One Piece Film: Z,8.14,Movie (1 eps),Dec 2012 - Dec 2012,"268,358 members"
Katekyo Hitman Reborn!,8.13,TV (203 eps),Oct 2006 - Sep 2010,"546,033 members"
Kidou Senshi Gundam: The Origin - Zenya Akai Suisei,8.13,TV (13 eps),Apr 2019 - Aug 2019,"20,869 members"
Lupin III: Part 5,8.13,TV (24 eps),Apr 2018 - Sep 2018,"42,630 members"
Princess Tutu,8.13,TV (38 eps),Aug 2002 - May 2003,"163,381 members"
Seirei no Moribito,8.13,TV (26 eps),Apr 2007 - Sep 2007,"212,872 members"
Eizouken ni wa Te wo Dasu na!,8.13,TV (12 eps),Jan 2020 - Mar 2020,"321,946 members"
Gintama': Futon ni Haitte kara Buki Nokoshi ni Kizuite Neru ni Nerenai Toki mo Aru,8.13,Special (1 eps),Apr 2015 - Apr 2015,"39,875 members"
Golden Kamuy 4th Season,8.13,TV (13 eps),Oct 2022 - Jun 2023,"83,120 members"
Youkoso Jitsuryoku Shijou Shugi no Kyoushitsu e 2nd Season,8.13,TV (13 eps),Jul 2022 - Sep 2022,"536,391 members"
Tamayura: Sotsugyou Shashin Part 4 - Ashita,8.12,Movie (1 eps),Apr 2016 - Apr 2016,"10,812 members"
Violet Evergarden: Recollections,8.12,Special (1 eps),Oct 2021 - Oct 2021,"23,901 members"
Mahou Shoujo Lyrical Nanoha: The Movie 2nd A's,8.12,Movie (1 eps),Jul 2012 - Jul 2012,"23,384 members"
One Piece: Episode of Nami - Koukaishi no Namida to Nakama no Kizuna,8.12,Special (1 eps),Aug 2012 - Aug 2012,"67,319 members"
Detective Conan Movie 05: Countdown to Heaven,8.12,Movie (1 eps),Apr 2001 - Apr 2001,"61,491 members"
Ginga Eiyuu Densetsu Gaiden,8.12,OVA (24 eps),Feb 1998 - Sep 1998,"23,336 members"
Black Clover: Mahou Tei no Ken,8.11,Movie (1 eps),Jun 2023 - Jun 2023,"185,396 members"
Boku no Hero Academia 2nd Season,8.11,TV (25 eps),Apr 2017 - Sep 2017,"2,429,737 members"
Chuunibyou demo Koi ga Shitai! Movie: Take On Me,8.11,Movie (1 eps),Jan 2018 - Jan 2018,"259,075 members"
Detective Conan Movie 14: The Lost Ship in the Sky,8.11,Movie (1 eps),Apr 2010 - Apr 2010,"54,919 members"
Diamond no Ace,8.11,TV (75 eps),Oct 2013 - Mar 2015,"237,401 members"
Douluo Dalu 2nd Season,8.11,ONA (237 eps),Dec 2018 - Jun 2023,"18,847 members"
Durarara!!,8.11,TV (24 eps),Jan 2010 - Jun 2010,"1,368,476 members"
Fullmetal Alchemist,8.11,TV (51 eps),Oct 2003 - Oct 2004,"1,434,001 members"
Gintama°: Umai-mono wa Atomawashi ni Suru to Yokodorisareru kara Yappari Saki ni Kue,8.11,Special (1 eps),Nov 2015 - Nov 2015,"33,391 members"
Honzuki no Gekokujou: Shisho ni Naru Tame ni wa Shudan wo Erandeiraremasen 2nd Season,8.11,TV (12 eps),Apr 2020 - Jun 2020,"196,373 members"
JoJo no Kimyou na Bouken Part 6: Stone Ocean Part 2,8.11,ONA (12 eps),Sep 2022 - Sep 2022,"217,367 members"
Toki wo Kakeru Shoujo,8.11,Movie (1 eps),Jul 2006 - Jul 2006,"771,443 members"
Kaze Tachinu,8.11,Movie (1 eps),Jul 2013 - Jul 2013,"316,468 members"
Kidou Senshi Gundam 00,8.11,TV (25 eps),Oct 2007 - Mar 2008,"214,958 members"
Kono Subarashii Sekai ni Shukufuku wo!,8.11,TV (10 eps),Jan 2016 - Mar 2016,"1,878,750 members"
Koukaku Kidoutai: Stand Alone Complex - Solid State Society,8.11,Special (1 eps),Sep 2006 - Sep 2006,"98,026 members"
Kuragehime,8.11,TV (11 eps),Oct 2010 - Dec 2010,"229,148 members"
Mahoutsukai no Yome: Hoshi Matsu Hito,8.11,OVA (3 eps),Sep 2016 - Sep 2017,"274,614 members"
Mirai Shounen Conan,8.11,TV (26 eps),Apr 1978 - Oct 1978,"48,121 members"
Saiki Kusuo no Ψ-nan: Ψ-shidou-hen,8.11,ONA (6 eps),Dec 2019 - Dec 2019,"211,769 members"
Kidou Senshi Gundam Unicorn,8.10,OVA (7 eps),Mar 2010 - Jun 2014,"96,019 members"
Kuroko no Basket: Saikou no Present desu,8.10,Special (1 eps),Dec 2015 - Dec 2015,"102,822 members"
Akatsuki no Yona OVA,8.10,OVA (3 eps),Sep 2015 - Dec 2016,"130,470 members"
Detroit Metal City,8.10,OVA (12 eps),Aug 2008 - Oct 2008,"206,759 members"
JoJo no Kimyou na Bouken Part 3: Stardust Crusaders,8.10,TV (24 eps),Apr 2014 - Sep 2014,"1,160,267 members"
Kamisama Hajimemashita,8.10,TV (13 eps),Oct 2012 - Dec 2012,"628,557 members"
Tsubasa: Shunraiki,8.10,OVA (2 eps),Mar 2009 - May 2009,"61,144 members"
Tsukimonogatari,8.09,TV (4 eps),Dec 2014 - Dec 2014,"407,278 members"
Tsurune: Tsunagari no Issha,8.09,TV (13 eps),Jan 2023 - Mar 2023,"46,694 members"
Uchouten Kazoku 2,8.09,TV (12 eps),Apr 2017 - Jun 2017,"62,751 members"
Yuusha-Ou GaoGaiGar Final,8.09,OVA (8 eps),Jan 2000 - Mar 2003,"9,886 members"
Zankyou no Terror,8.09,TV (11 eps),Jul 2014 - Sep 2014,"1,126,979 members"
Kimi wa Houkago Insomnia,8.09,TV (13 eps),Apr 2023 - Jul 2023,"163,967 members"
Overlord IV,8.09,TV (13 eps),Jul 2022 - Sep 2022,"471,579 members"
Saint Seiya: The Lost Canvas - Meiou Shinwa 2,8.09,OVA (13 eps),Feb 2011 - Jul 2011,"73,482 members"
Serial Experiments Lain,8.09,TV (13 eps),Jul 1998 - Sep 1998,"729,378 members"
Shokugeki no Souma: Ni no Sara,8.09,TV (13 eps),Jul 2016 - Sep 2016,"1,103,426 members"
Stand By Me Doraemon,8.09,Movie (1 eps),Aug 2014 - Aug 2014,"51,674 members"
Ansatsu Kyoushitsu,8.09,TV (22 eps),Jan 2015 - Jun 2015,"1,932,389 members"
Baccano! Specials,8.09,Special (3 eps),Feb 2008 - May 2008,"175,909 members"
Gin no Saji,8.09,TV (11 eps),Jul 2013 - Sep 2013,"285,671 members"
Hajime no Ippo: Boxer no Kobushi,8.09,Special (1 eps),Mar 2003 - Mar 2003,"52,427 members"
Initial D Fifth Stage,8.09,TV (14 eps),Nov 2012 - May 2013,"139,884 members"
Fumetsu no Anata e Season 2,8.08,TV (20 eps),Oct 2022 - Mar 2023,"249,939 members"
Ginga Eiyuu Densetsu: Arata naru Tatakai no Overture,8.08,Movie (1 eps),Dec 1993 - Dec 1993,"33,441 members"
Gintama: Nanigoto mo Saisho ga Kanjin nanode Tashou Senobisuru Kurai ga Choudoyoi,8.08,Special (1 eps),Sep 2005 - Sep 2005,"55,120 members"
Hidamari Sketch: Sae Hiro Sotsugyou-hen,8.08,OVA (2 eps),Nov 2013 - Nov 2013,"13,548 members"
Hikaru no Go,8.08,TV (75 eps),Oct 2001 - Mar 2003,"134,383 members"
Honzuki no Gekokujou: Shisho ni Naru Tame ni wa Shudan wo Erandeiraremasen 3rd Season,8.08,TV (10 eps),Apr 2022 - Jun 2022,"139,469 members"
Kanata no Astra,8.08,TV (12 eps),Jul 2019 - Sep 2019,"290,891 members"
Toradora!,8.08,TV (25 eps),Oct 2008 - Mar 2009,"2,135,532 members"
Kidou Senshi Gundam 00 Second Season,8.08,TV (25 eps),Oct 2008 - Mar 2009,"147,674 members"
Kuroko no Basket Movie 4: Last Game,8.08,Movie (1 eps),Mar 2017 - Mar 2017,"290,428 members"
No Game No Life,8.08,TV (12 eps),Apr 2014 - Jun 2014,"2,321,305 members"
One Piece Film: Strong World,8.08,Movie (1 eps),Dec 2009 - Dec 2009,"242,256 members"
Sakura-sou no Pet na Kanojo,8.08,TV (24 eps),Oct 2012 - Mar 2013,"1,213,279 members"
Skip Beat!,8.08,TV (25 eps),Oct 2008 - Mar 2009,"262,806 members"
"Komi-san wa, Comyushou desu. 2nd Season",8.07,TV (12 eps),Apr 2022 - Jun 2022,"441,314 members"
Koukaku Kidoutai: Stand Alone Complex - The Laughing Man,8.07,Special (1 eps),Sep 2005 - Sep 2005,"39,724 members"
Kuroshitsuji: Book of Circus,8.07,TV (10 eps),Jul 2014 - Sep 2014,"390,714 members"
5-toubun no Hanayome ∬,8.07,TV (12 eps),Jan 2021 - Mar 2021,"674,105 members"
Gintama: Dai Hanseikai,8.07,Special (1 eps),Mar 2010 - Mar 2010,"37,161 members"
Hyouka,8.07,TV (22 eps),Apr 2012 - Sep 2012,"1,326,063 members"
Tonikaku Kawaii: SNS,8.06,OVA (1 eps),Aug 2021 - Aug 2021,"143,296 members"
Tsuki ga Kirei,8.06,TV (12 eps),Apr 2017 - Jun 2017,"523,627 members"
World Trigger 2nd Season,8.06,TV (12 eps),Jan 2021 - Apr 2021,"141,152 members"
Yowamushi Pedal: Grande Road,8.06,TV (24 eps),Oct 2014 - Mar 2015,"135,963 members"
Kodomo no Omocha (TV),8.06,TV (102 eps),Apr 1996 - Mar 1998,"65,814 members"
Koukyoushihen Eureka Seven,8.06,TV (50 eps),Apr 2005 - Apr 2006,"428,341 members"
Kuroko no Basket,8.06,TV (25 eps),Apr 2012 - Sep 2012,"1,163,644 members"
Kuroshitsuji: Book of Murder,8.06,OVA (2 eps),Jan 2015 - Feb 2015,"238,106 members"
Kyou kara Ore wa!!,8.06,OVA (10 eps),Apr 1993 - Dec 1997,"32,649 members"
Mahoutsukai no Yome,8.06,TV (24 eps),Oct 2017 - Mar 2018,"886,907 members"
Romantic Killer,8.06,ONA (12 eps),Oct 2022 - Oct 2022,"165,598 members"
Angel Beats!,8.06,TV (13 eps),Apr 2010 - Jun 2010,"2,020,940 members"
City Hunter 2,8.06,TV (63 eps),Apr 1988 - Jul 1989,"25,763 members"
Darker than Black: Kuro no Keiyakusha,8.06,TV (25 eps),Apr 2007 - Sep 2007,"922,304 members"
Detective Conan Movie 08: Magician of the Silver Sky,8.06,Movie (1 eps),Apr 2004 - Apr 2004,"54,796 members"
Detective Conan Movie 18: The Sniper from Another Dimension,8.06,Movie (1 eps),Apr 2014 - Apr 2014,"41,616 members"
Detective Conan Movie 25: Halloween no Hanayome,8.06,Movie (1 eps),Apr 2022 - Apr 2022,"12,773 members"
Durarara!!x2 Ketsu,8.06,TV (12 eps),Jan 2016 - Mar 2016,"369,015 members"
Girls & Panzer: Saishuushou Part 2,8.06,Movie (1 eps),Jun 2019 - Jun 2019,"33,677 members"
Dorohedoro,8.05,TV (12 eps),Jan 2020 - Mar 2020,"514,366 members"
Ginga Eiyuu Densetsu Gaiden (1999),8.05,OVA (28 eps),Dec 1999 - Jul 2000,"19,632 members"
Glass no Kamen (2005),8.05,TV (51 eps),Apr 2005 - Mar 2006,"38,449 members"
Gosick,8.05,TV (24 eps),Jan 2011 - Jul 2011,"531,220 members"
Uma Musume: Pretty Derby Season 2,8.05,TV (13 eps),Jan 2021 - Mar 2021,"46,304 members"
Karakai Jouzu no Takagi-san 2,8.05,TV (12 eps),Jul 2019 - Sep 2019,"319,342 members"
Kidou Senshi Gundam: Tekketsu no Orphans,8.05,TV (25 eps),Oct 2015 - Mar 2016,"232,297 members"
Mairimashita! Iruma-kun 2nd Season,8.05,TV (21 eps),Apr 2021 - Sep 2021,"296,260 members"
Omoide no Marnie,8.05,Movie (1 eps),Jul 2014 - Jul 2014,"284,374 members"
Saint Seiya: Meiou Hades Juuni Kyuu-hen,8.05,OVA (13 eps),Nov 2002 - Jul 2003,"55,546 members"
Shijou Saikyou no Deshi Kenichi,8.05,TV (50 eps),Oct 2006 - Sep 2007,"294,647 members"
Kill la Kill,8.04,TV (24 eps),Oct 2013 - Mar 2014,"1,669,654 members"
Paprika,8.04,Movie (1 eps),Nov 2006 - Nov 2006,"515,618 members"
BanG Dream! 3rd Season,8.04,TV (13 eps),Jan 2020 - Apr 2020,"34,610 members"
BanG Dream! Movie: Episode of Roselia - II: Song I Am.,8.04,Movie (1 eps),Jun 2021 - Jun 2021,"7,795 members"
Boku no Hero Academia 3rd Season,8.04,TV (25 eps),Apr 2018 - Sep 2018,"2,103,054 members"
Dennou Coil,8.04,TV (26 eps),May 2007 - Dec 2007,"143,757 members"
Fate/stay night: Unlimited Blade Works Prologue,8.04,Special (1 eps),Oct 2014 - Oct 2014,"311,254 members"
Ginga Eiyuu Densetsu: Die Neue These - Seiran 1,8.04,Movie (4 eps),Sep 2019 - Sep 2019,"27,744 members"
Golden Boy,8.04,OVA (6 eps),Oct 1995 - Jun 1996,"378,861 members"
Haikyuu!! Movie 2: Shousha to Haisha,8.04,Movie (1 eps),Sep 2015 - Sep 2015,"87,952 members"
Kamisama Hajimemashita OVA,8.04,OVA (2 eps),Aug 2013 - Aug 2013,"125,954 members"
xxxHOLiC Shunmuki,8.04,OVA (2 eps),Feb 2009 - Jun 2009,"68,800 members"
Summer Wars,8.03,Movie (1 eps),Aug 2009 - Aug 2009,"509,269 members"
Yahari Ore no Seishun Love Comedy wa Machigatteiru. Zoku OVA,8.03,OVA (1 eps),Oct 2016 - Oct 2016,"239,929 members"
Kono Subarashii Sekai ni Shukufuku wo! 2: Kono Subarashii Geijutsu ni Shukufuku wo!,8.03,OVA (1 eps),Jul 2017 - Jul 2017,"354,841 members"
Lovely★Complex,8.03,TV (24 eps),Apr 2007 - Sep 2007,"568,928 members"
Luo Xiao Hei Zhan Ji (Movie),8.03,Movie (1 eps),Sep 2019 - Sep 2019,"24,274 members"
Akatsuki no Yona,8.03,TV (24 eps),Oct 2014 - Mar 2015,"822,036 members"
Black Lagoon,8.03,TV (12 eps),Apr 2006 - Jun 2006,"968,099 members"
Detective Conan Movie 03: The Last Wizard of the Century,8.03,Movie (1 eps),Apr 1999 - Apr 1999,"63,899 members"
Detective Conan Movie 04: Captured in Her Eyes,8.03,Movie (1 eps),Apr 2000 - Apr 2000,"60,305 members"
Detective Conan Movie 10: Requiem of the Detectives,8.03,Movie (1 eps),Apr 2006 - Apr 2006,"54,298 members"
Doupo Cangqiong: San Nian Zhi Yue,8.03,ONA (13 eps),Oct 2021 - Jan 2022,"6,296 members"
FLCL,8.03,OVA (6 eps),Apr 2000 - Mar 2001,"792,486 members"
Full Metal Panic? Fumoffu,8.03,TV (12 eps),Aug 2003 - Nov 2003,"290,209 members"
Hanada Shounen-shi,8.03,TV (25 eps),Oct 2002 - Mar 2003,"15,227 members"
Black Lagoon: Roberta's Blood Trail,8.02,OVA (5 eps),Jun 2010 - Jun 2011,"287,448 members"
D.Gray-man,8.02,TV (103 eps),Oct 2006 - Sep 2008,"676,724 members"
Ginga Nagareboshi Gin,8.02,TV (21 eps),Apr 1986 - Aug 1986,"26,270 members"
Juuni Kokuki,8.02,TV (45 eps),Apr 2002 - Aug 2003,"145,471 members"
Toaru Kagaku no Railgun S,8.02,TV (24 eps),Apr 2013 - Sep 2013,"378,118 members"
Kara no Kyoukai Movie 3: Tsuukaku Zanryuu,8.02,Movie (1 eps),Feb 2008 - Feb 2008,"222,893 members"
Magi: The Labyrinth of Magic,8.02,TV (25 eps),Oct 2012 - Mar 2013,"1,013,864 members"
Omae Umasou da na,8.02,Movie (1 eps),Oct 2010 - Oct 2010,"19,207 members"
Persona 3 the Movie 4: Winter of Rebirth,8.02,Movie (1 eps),Jan 2016 - Jan 2016,"70,399 members"
Saiunkoku Monogatari 2nd Season,8.02,TV (39 eps),Apr 2007 - Mar 2008,"40,194 members"
SK∞,8.02,TV (12 eps),Jan 2021 - Apr 2021,"527,842 members"
Slayers Next,8.02,TV (26 eps),Apr 1996 - Sep 1996,"68,834 members"
Kidou Senshi Gundam: Dai 08 MS Shoutai,8.01,OVA (12 eps),Jan 1996 - Jul 1999,"80,520 members"
Kidou Senshi Gundam: Suisei no Majo Season 2,8.01,TV (12 eps),Apr 2023 - Jul 2023,"69,353 members"
Pui Pui Molcar,8.01,TV (12 eps),Jan 2021 - Mar 2021,"15,473 members"
Shokugeki no Souma: San no Sara,8.01,TV (12 eps),Oct 2017 - Dec 2017,"943,416 members"
Baby Steps 2nd Season,8.01,TV (25 eps),Apr 2015 - Sep 2015,"89,163 members"
Doupo Cangqiong: Nian Fan,8.01,ONA (104 eps),Jul 2022 -,"5,251 members"
Eve no Jikan,8.01,ONA (6 eps),Aug 2008 - Sep 2009,"180,971 members"
Kaichou wa Maid-sama!,8.01,TV (26 eps),Apr 2010 - Sep 2010,"1,210,111 members"
Tokyo Magnitude 8.0,8.01,TV (11 eps),Jul 2009 - Sep 2009,"291,053 members"
Tsumiki no Ie,8.01,Movie (1 eps),Jun 2008 - Jun 2008,"94,445 members"
Yahari Ore no Seishun Love Comedy wa Machigatteiru.,8.01,TV (13 eps),Apr 2013 - Jun 2013,"1,382,869 members"
Zombieland Saga Revenge,8.01,TV (12 eps),Apr 2021 - Jun 2021,"204,956 members"
Touch,8.00,TV (101 eps),Mar 1985 - Mar 1987,"34,804 members"
Yofukashi no Uta,8.00,TV (13 eps),Jul 2022 - Sep 2022,"524,755 members"
Yuuki Yuuna wa Yuusha de Aru: Washio Sumi no Shou 3 - Yakusoku,8.00,Movie (1 eps),Jul 2017 - Jul 2017,"14,336 members"
Kara no Kyoukai Movie: Mirai Fukuin,8.00,Movie (1 eps),Sep 2013 - Sep 2013,"112,424 members"
Kimi ni Todoke,8.00,TV (25 eps),Oct 2009 - Mar 2010,"900,418 members"
Shadows House 2nd Season,8.00,TV (12 eps),Jul 2022 - Sep 2022,"109,086 members"
Aria the OVA: Arietta,8.00,OVA (1 eps),Sep 2007 - Sep 2007,"36,975 members"
Clannad,8.00,TV (23 eps),Oct 2007 - Mar 2008,"1,379,052 members"
Detective Conan Movie 15: Quarter of Silence,8.00,Movie (1 eps),Apr 2011 - Apr 2011,"46,685 members"
ef: A Tale of Melodies.,8.00,TV (12 eps),Oct 2008 - Dec 2008,"162,644 members"
Evangelion: 1.0 You Are (Not) Alone,8.00,Movie (1 eps),Sep 2007 - Sep 2007,"543,058 members"
Fullmetal Alchemist: Brotherhood Specials,8.00,Special (4 eps),Aug 2009 - Aug 2010,"155,004 members"
Hachimitsu to Clover,8.00,TV (24 eps),Apr 2005 - Sep 2005,"261,732 members"
Haikyuu!! Movie 1: Owari to Hajimari,8.00,Movie (1 eps),Jul 2015 - Jul 2015,"95,865 members"
Hibike! Euphonium,8.00,TV (13 eps),Apr 2015 - Jul 2015,"440,725 members"
Hololive Alternative,8.00,ONA (2 eps),May 2021 - Jun 2022,"10,564 members"
Honzuki no Gekokujou: Shisho ni Naru Tame ni wa Shudan wo Erandeiraremasen,8.00,TV (14 eps),Oct 2019 - Dec 2019,"286,743 members"
Hyouge Mono,8.00,TV (39 eps),Apr 2011 - Jan 2012,"27,394 members"
Kami nomi zo Shiru Sekai: Megami-hen,8.00,TV (12 eps),Jul 2013 - Sep 2013,"337,491 members"
Azumanga Daiou The Animation,7.99,TV (26 eps),Apr 2002 - Oct 2002,"333,144 members"
Gensou Mangekyou: The Memories of Phantasm,7.99,OVA (18 eps),Aug 2011 - May 2023,"3,465 members"
Kakushigoto,7.99,TV (12 eps),Apr 2020 - Jun 2020,"318,046 members"
Sword Art Online: Progressive Movie - Hoshi Naki Yoru no Aria,7.99,Movie (1 eps),Oct 2021 - Oct 2021,"235,111 members"
Wolf's Rain OVA,7.99,OVA (4 eps),Jan 2004 - Feb 2004,"65,908 members"
Koukaku Kidoutai: Stand Alone Complex 2nd GIG - Individual Eleven,7.99,Special (1 eps),Jan 2006 - Jan 2006,"29,024 members"
Naruto,7.99,TV (220 eps),Oct 2002 - Feb 2007,"2,740,792 members"
Quanzhi Gaoshou: Dianfeng Rongyao,7.99,Movie (1 eps),Aug 2019 - Aug 2019,"48,171 members"
Kimi ni Todoke 2nd Season,7.98,TV (12 eps),Jan 2011 - Mar 2011,"456,353 members"
Koukaku Kidoutai 2.0,7.98,Movie (1 eps),Jul 2008 - Jul 2008,"87,090 members"
Maoujou de Oyasumi,7.98,TV (12 eps),Oct 2020 - Dec 2020,"200,626 members"
Saint Seiya: The Lost Canvas - Meiou Shinwa,7.98,OVA (13 eps),Jun 2009 - Apr 2010,"105,269 members"
School Rumble Ni Gakki,7.98,TV (26 eps),Apr 2006 - Sep 2006,"158,155 members"
Code Geass: Hangyaku no Lelouch III - Oudou,7.98,Movie (1 eps),May 2018 - May 2018,"89,671 members"
Durarara!!x2 Shou,7.98,TV (12 eps),Jan 2015 - Mar 2015,"471,280 members"
Eve no Jikan (Movie),7.98,Movie (1 eps),Mar 2010 - Mar 2010,"122,679 members"
Tokyo Revengers,7.98,TV (24 eps),Apr 2021 - Sep 2021,"1,171,488 members"
xxxHOLiC,7.98,TV (24 eps),Apr 2006 - Sep 2006,"311,253 members"
Tate no Yuusha no Nariagari,7.97,TV (25 eps),Jan 2019 - Jun 2019,"1,512,702 members"
Tonikaku Kawaii: Joshikou-hen,7.97,ONA (4 eps),Jul 2023 - Aug 2023,"32,682 members"
Yuri!!! on Ice: Yuri Plisetsky GPF in Barcelona EX - Welcome to The Madness,7.97,Special (1 eps),May 2017 - May 2017,"80,958 members"
Kidou Keisatsu Patlabor 2 the Movie,7.97,Movie (1 eps),Aug 1993 - Aug 1993,"35,620 members"
Kidou Senshi Gundam 0080: Pocket no Naka no Sensou,7.97,OVA (6 eps),Mar 1989 - Aug 1989,"57,555 members"
Mahou Shoujo Lyrical Nanoha A's,7.97,TV (13 eps),Oct 2005 - Dec 2005,"63,915 members"
Major Movie: Yuujou no Winning Shot,7.97,Movie (1 eps),Dec 2008 - Dec 2008,"20,143 members"
Nagi no Asu kara,7.97,TV (26 eps),Oct 2013 - Apr 2014,"588,055 members"
Ookiku Furikabutte: Natsu no Taikai-hen,7.97,TV (13 eps),Apr 2010 - Jun 2010,"43,732 members"
ReLIFE,7.97,TV (13 eps),Jul 2016 - Sep 2016,"997,401 members"
Rurouni Kenshin: Meiji Kenkaku Romantan - Seisou-hen,7.97,OVA (2 eps),Dec 2001 - Mar 2002,"82,467 members"
Akagami no Shirayuki-hime 2nd Season,7.97,TV (12 eps),Jan 2016 - Mar 2016,"347,356 members"
Aria the Benedizione,7.97,Movie (1 eps),Dec 2021 - Dec 2021,"6,734 members"
Boku no Hero Academia the Movie 2: Heroes:Rising,7.97,Movie (1 eps),Dec 2019 - Dec 2019,"544,274 members"
Bungou Stray Dogs Wan!,7.97,TV (12 eps),Jan 2021 - Mar 2021,"108,408 members"
Durarara!!x2 Ten,7.97,TV (12 eps),Jul 2015 - Sep 2015,"385,460 members"
Haibane Renmei,7.97,TV (13 eps),Oct 2002 - Dec 2002,"274,604 members"
High Score Girl II,7.97,TV (9 eps),Oct 2019 - Dec 2019,"131,297 members"
High Score Girl: Extra Stage,7.97,OVA (3 eps),Mar 2019 - Mar 2019,"71,735 members"
Aria the Origination: Sono Choppiri Himitsu no Basho ni...,7.96,Special (1 eps),Jun 2008 - Jun 2008,"21,216 members"
Dragon Ball,7.96,TV (153 eps),Feb 1986 - Apr 1989,"997,389 members"
Hokuto no Ken,7.96,TV (109 eps),Oct 1984 - Mar 1987,"127,186 members"
IDOLiSH7 Vibrato,7.96,ONA (8 eps),Feb 2018 - Mar 2019,"14,886 members"
Tennis no Oujisama: Zenkoku Taikai-hen - Final,7.96,OVA (7 eps),Apr 2008 - Jan 2009,"35,414 members"
Working!!!,7.96,TV (13 eps),Jul 2015 - Sep 2015,"242,084 members"
Youjo Senki,7.96,TV (12 eps),Jan 2017 - Mar 2017,"876,900 members"
Kobayashi-san Chi no Maid Dragon,7.96,TV (13 eps),Jan 2017 - Apr 2017,"1,191,903 members"
Love Live! Superstar!!,7.96,TV (12 eps),Jul 2021 - Oct 2021,"65,373 members"
Sakasama no Patema,7.96,Movie (1 eps),Nov 2013 - Nov 2013,"281,838 members"
Shokugeki no Souma: San no Sara - Tootsuki Ressha-hen,7.96,TV (12 eps),Apr 2018 - Jun 2018,"696,873 members"
Kanon (2006),7.95,TV (24 eps),Oct 2006 - Mar 2007,"266,023 members"
Kobato.,7.95,TV (24 eps),Oct 2009 - Mar 2010,"163,482 members"
Kurenai no Buta,7.95,Movie (1 eps),Jul 1992 - Jul 1992,"236,771 members"
Macross F Movie 2: Sayonara no Tsubasa,7.95,Movie (1 eps),Feb 2011 - Feb 2011,"26,928 members"
Noragami,7.95,TV (12 eps),Jan 2014 - Mar 2014,"2,092,838 members"
Bishoujo Senshi Sailor Moon: Sailor Stars,7.95,TV (34 eps),Mar 1996 - Feb 1997,"109,674 members"
Doupo Cangqiong 4th Season,7.95,ONA (24 eps),Mar 2021 - Aug 2021,"6,366 members"
Girls & Panzer: Saishuushou Part 1,7.95,Movie (1 eps),Dec 2017 - Dec 2017,"45,950 members"
Hikaru no Go: Hokuto Hai e no Michi,7.95,Special (1 eps),Jan 2004 - Jan 2004,"23,516 members"
Tekkon Kinkreet,7.95,Movie (1 eps),Dec 2006 - Dec 2006,"108,371 members"
Wotaku ni Koi wa Muzukashii OVA,7.95,OVA (3 eps),Mar 2019 - Oct 2021,"196,358 members"
Takarajima,7.94,TV (26 eps),Oct 1978 - Apr 1979,"19,539 members"
Usagi Drop Specials,7.94,Special (4 eps),Oct 2011 - Jan 2012,"69,456 members"
Wotaku ni Koi wa Muzukashii,7.94,TV (11 eps),Apr 2018 - Jun 2018,"937,763 members"
xxxHOLiC Movie: Manatsu no Yoru no Yume,7.94,Movie (1 eps),Aug 2005 - Aug 2005,"64,712 members"
Kidou Senshi Gundam Thunderbolt,7.94,ONA (4 eps),Dec 2015 - Apr 2016,"53,677 members"
Kindaichi Shounen no Jikenbo,7.94,TV (148 eps),Apr 1997 - Sep 2000,"29,655 members"
Macross: Do You Remember Love?,7.94,Movie (1 eps),Jul 1984 - Jul 1984,"46,250 members"
Mawaru Penguindrum,7.94,TV (24 eps),Jul 2011 - Dec 2011,"293,769 members"
Non Non Biyori,7.94,TV (12 eps),Oct 2013 - Dec 2013,"414,517 members"
Nurarihyon no Mago: Sennen Makyou,7.94,TV (24 eps),Jul 2011 - Dec 2011,"159,599 members"
One Piece Film: Strong World Episode 0,7.94,OVA (1 eps),Apr 2010 - Apr 2010,"82,159 members"
Osomatsu-san,7.94,TV (25 eps),Oct 2015 - Mar 2016,"168,794 members"
Phantom: Requiem for the Phantom,7.94,TV (26 eps),Apr 2009 - Sep 2009,"327,528 members"
Fate/Grand Order: Zettai Majuu Sensen Babylonia,7.94,TV (21 eps),Oct 2019 - Mar 2020,"268,528 members"
Full Moon wo Sagashite,7.94,TV (52 eps),Apr 2002 - Mar 2003,"106,999 members"
"Clannad: Mou Hitotsu no Sekai, Tomoyo-hen",7.93,Special (1 eps),Jul 2008 - Jul 2008,"300,171 members"
Fate/kaleid liner Prisma☆Illya Movie: Sekka no Chikai,7.93,Movie (1 eps),Aug 2017 - Aug 2017,"93,057 members"
Gochuumon wa Usagi desu ka? Bloom,7.93,TV (12 eps),Oct 2020 - Dec 2020,"60,567 members"
Hanamonogatari,7.93,TV (5 eps),Aug 2014 - Aug 2014,"416,766 members"
Hidamari Sketch x Honeycomb,7.93,TV (12 eps),Oct 2012 - Dec 2012,"23,089 members"
Yowamushi Pedal,7.93,TV (38 eps),Oct 2013 - Jul 2014,"227,160 members"
Kidou Senshi Gundam Thunderbolt: December Sky,7.93,Movie (1 eps),Jun 2016 - Jun 2016,"22,518 members"
Kimi to Boku. 2,7.93,TV (13 eps),Apr 2012 - Jun 2012,"86,679 members"
Kingdom,7.93,TV (38 eps),Jun 2012 - Feb 2013,"206,114 members"
Kokoro Connect: Michi Random,7.93,Special (4 eps),Nov 2012 - Dec 2012,"254,818 members"
Nekomonogatari: Kuro,7.93,TV (4 eps),Dec 2012 - Dec 2012,"539,558 members"
Promare,7.93,Movie (1 eps),May 2019 - May 2019,"268,233 members"
Kono Oto Tomare!,7.92,TV (13 eps),Apr 2019 - Jun 2019,"287,790 members"
Kuuchuu Buranko,7.92,TV (11 eps),Oct 2009 - Dec 2009,"91,063 members"
Log Horizon,7.92,TV (25 eps),Oct 2013 - Mar 2014,"1,087,666 members"
Love Live! The School Idol Movie,7.92,Movie (1 eps),Jun 2015 - Jun 2015,"127,854 members"
Overlord III,7.92,TV (13 eps),Jul 2018 - Oct 2018,"863,066 members"
BanG Dream! Movie: Poppin' Dream!,7.92,Movie (1 eps),Jan 2022 - Jan 2022,"7,871 members"
Bleach,7.92,TV (366 eps),Oct 2004 - Mar 2012,"1,876,303 members"
Bungou Stray Dogs: Dead Apple,7.92,Movie (1 eps),Mar 2018 - Mar 2018,"261,360 members"
City Hunter,7.92,TV (51 eps),Apr 1987 - Mar 1988,"77,326 members"
Darker than Black: Kuro no Keiyakusha Gaiden,7.92,Special (4 eps),Jan 2010 - Jul 2010,"252,809 members"
Eyeshield 21,7.92,TV (145 eps),Apr 2005 - Mar 2008,"178,679 members"
Full Metal Panic! The Second Raid,7.92,TV (13 eps),Jul 2005 - Oct 2005,"256,124 members"
Gake no Ue no Ponyo,7.92,Movie (1 eps),Jul 2008 - Jul 2008,"549,391 members"
Kaleido Star,7.92,TV (51 eps),Apr 2003 - Mar 2004,"83,588 members"
Tamako Love Story,7.92,Movie (1 eps),Apr 2014 - Apr 2014,"372,784 members"
Touhai Densetsu Akagi: Yami ni Maiorita Tensai,7.92,TV (26 eps),Oct 2005 - Mar 2006,"100,306 members"
Trigun: Badlands Rumble,7.92,Movie (1 eps),Apr 2010 - Apr 2010,"138,553 members"
Vampire Hunter D (2000),7.91,Movie (1 eps),Aug 2000 - Aug 2000,"182,654 members"
Yakitate!! Japan,7.91,TV (69 eps),Oct 2004 - Mar 2006,"95,832 members"
Yuru Yuri San☆Hai!,7.91,TV (12 eps),Oct 2015 - Dec 2015,"121,764 members"
Zetsuen no Tempest,7.91,TV (24 eps),Oct 2012 - Mar 2013,"584,416 members"
"Komi-san wa, Comyushou desu.",7.91,TV (12 eps),Oct 2021 - Dec 2021,"824,985 members"
Overlord,7.91,TV (13 eps),Jul 2015 - Sep 2015,"1,524,495 members"
Plastic Memories,7.91,TV (13 eps),Apr 2015 - Jun 2015,"911,476 members"
Shen Yin Wangzuo 2nd Season,7.91,ONA (52 eps),Nov 2022 -,"2,398 members"
SKET Dance: Imouto no Nayami ni Nayamu Ani ni Nayamu Imouto to Sono Nakama-tachi,7.91,OVA (1 eps),Feb 2013 - Feb 2013,"21,340 members"
Code Geass: Fukkatsu no Lelouch,7.91,Movie (1 eps),Feb 2019 - Feb 2019,"303,335 members"
Detective Conan OVA 09: The Stranger in 10 Years...,7.91,OVA (1 eps),Jun 2009 - Jun 2009,"20,669 members"
Final Fantasy VII: Advent Children Complete,7.91,OVA (1 eps),Apr 2009 - Apr 2009,"129,910 members"
Ginga Sengoku Gunyuuden Rai,7.91,TV (52 eps),Apr 1994 - Mar 1995,"15,154 members"
Hanasaku Iroha,7.91,TV (26 eps),Apr 2011 - Sep 2011,"324,784 members"
Boku no Hero Academia 4th Season,7.90,TV (25 eps),Oct 2019 - Apr 2020,"1,649,244 members"
Date A Live II: Kurumi Star Festival,7.90,OVA (1 eps),Dec 2014 - Dec 2014,"179,450 members"
Densetsu Kyojin Ideon: Hatsudou-hen,7.90,Movie (1 eps),Jul 1982 - Jul 1982,"9,600 members"
Drifters,7.90,TV (12 eps),Oct 2016 - Dec 2016,"548,031 members"
Ergo Proxy,7.90,TV (23 eps),Feb 2006 - Aug 2006,"625,260 members"
Gakuen Babysitters,7.90,TV (12 eps),Jan 2018 - Mar 2018,"322,961 members"
Hidamari Sketch x ☆☆☆,7.90,TV (12 eps),Jan 2010 - Mar 2010,"27,156 members"
Initial D Third Stage,7.90,Movie (1 eps),Jan 2001 - Jan 2001,"170,054 members"
Jormungand: Perfect Order,7.90,TV (12 eps),Oct 2012 - Dec 2012,"186,650 members"
Ushio to Tora (TV) 2nd Season,7.90,TV (13 eps),Apr 2016 - Jun 2016,"129,306 members"
Vanitas no Karte,7.90,TV (12 eps),Jul 2021 - Sep 2021,"492,798 members"
Yagate Kimi ni Naru,7.90,TV (13 eps),Oct 2018 - Dec 2018,"324,543 members"
Yuri!!! on Ice,7.90,TV (12 eps),Oct 2016 - Dec 2016,"856,256 members"
Zoku Sayonara Zetsubou Sensei,7.90,TV (13 eps),Jan 2008 - Mar 2008,"129,736 members"
Kidou Senshi Gundam: Suisei no Majo,7.90,TV (12 eps),Oct 2022 - Jan 2023,"132,587 members"
Kidou Senshi Zeta Gundam,7.90,TV (50 eps),Mar 1985 - Feb 1986,"71,470 members"
Lupin III (2015),7.90,TV (24 eps),Oct 2015 - Mar 2016,"68,906 members"
Macross,7.90,TV (36 eps),Oct 1982 - Jun 1983,"105,821 members"
One Piece Film: Gold,7.90,Movie (1 eps),Jul 2016 - Jul 2016,"203,475 members"
Ore Monogatari!!,7.90,TV (24 eps),Apr 2015 - Sep 2015,"651,221 members"
Quanzhi Gaoshou 2,7.90,ONA (12 eps),Sep 2020 - Dec 2020,"114,062 members"
Sakigake!! Cromartie Koukou,7.90,TV (26 eps),Oct 2003 - Mar 2004,"135,301 members"
Shirokuma Cafe,7.90,TV (50 eps),Apr 2012 - Mar 2013,"92,102 members"
Karigurashi no Arrietty,7.89,Movie (1 eps),Jul 2010 - Jul 2010,"332,977 members"
Kotonoha no Niwa,7.89,Movie (1 eps),May 2013 - May 2013,"833,333 members"
Macross F,7.89,TV (25 eps),Apr 2008 - Sep 2008,"144,104 members"
Saiunkoku Monogatari,7.89,TV (39 eps),Apr 2006 - Feb 2007,"93,660 members"
School Rumble,7.89,TV (26 eps),Oct 2004 - Mar 2005,"321,559 members"
Aria the Avvenire,7.89,Special (3 eps),Sep 2015 - Sep 2015,"26,804 members"
Bishoujo Senshi Sailor Moon S,7.89,TV (38 eps),Mar 1994 - Feb 1995,"142,489 members"
Boku no Hero Academia,7.89,TV (13 eps),Apr 2016 - Jun 2016,"2,906,321 members"
Code Geass: Hangyaku no Lelouch I - Koudou,7.89,Movie (1 eps),Oct 2017 - Oct 2017,"97,297 members"
Death Billiards,7.89,Movie (1 eps),Mar 2013 - Mar 2013,"233,916 members"
ef: A Tale of Memories.,7.89,TV (12 eps),Oct 2007 - Dec 2007,"251,461 members"
Free! Eternal Summer: Kindan no All Hard!,7.89,Special (1 eps),Mar 2015 - Mar 2015,"92,139 members"
Higurashi no Naku Koro ni,7.89,TV (26 eps),Apr 2006 - Sep 2006,"785,024 members"
Ie Naki Ko Remy,7.89,TV (23 eps),Sep 1996 - Mar 1997,"20,026 members"
JoJo no Kimyou na Bouken (TV),7.89,TV (26 eps),Oct 2012 - Apr 2013,"1,587,927 members"
Tennis no Oujisama: Zenkoku Taikai-hen,7.89,OVA (13 eps),Mar 2006 - Mar 2007,"45,387 members"
Tennis no Oujisama: Zenkoku Taikai-hen - Semifinal,7.89,OVA (6 eps),Jun 2007 - Jan 2008,"36,493 members"
Tonikaku Kawaii,7.89,TV (12 eps),Oct 2020 - Dec 2020,"701,318 members"
Summer Ghost,7.88,Movie (1 eps),Nov 2021 - Nov 2021,"89,319 members"
Terra e... (TV),7.88,TV (24 eps),Apr 2007 - Sep 2007,"60,727 members"
Kidou Senshi Gundam: Suisei no Majo - Prologue,7.88,Special (1 eps),Jul 2022 - Jul 2022,"39,607 members"
Les Misérables: Shoujo Cosette,7.88,TV (52 eps),Jan 2007 - Dec 2007,"28,361 members"
Megalo Box,7.88,TV (13 eps),Apr 2018 - Jun 2018,"492,792 members"
Mushoku Tensei: Isekai Ittara Honki Dasu - Eris no Goblin Toubatsu,7.88,Special (1 eps),Mar 2022 - Mar 2022,"143,565 members"
"Natsu e no Tunnel, Sayonara no Deguchi",7.88,Movie (1 eps),Sep 2022 - Sep 2022,"87,138 members"
One Piece: Episode of East Blue - Luffy to 4-nin no Nakama no Daibouken,7.88,Special (1 eps),Aug 2017 - Aug 2017,"38,445 members"
Ookiku Furikabutte,7.88,TV (25 eps),Apr 2007 - Sep 2007,"98,470 members"
Osomatsu-san Movie,7.88,Movie (1 eps),Mar 2019 - Mar 2019,"14,593 members"
Quanzhi Gaoshou,7.88,ONA (12 eps),Apr 2017 - Jun 2017,"359,310 members"
Shijou Saikyou no Deshi Kenichi OVA,7.88,OVA (11 eps),Mar 2012 - May 2014,"56,086 members"
Space☆Dandy,7.88,TV (13 eps),Jan 2014 - Mar 2014,"344,547 members"
Detective Conan Movie 02: The Fourteenth Target,7.88,Movie (1 eps),Apr 1998 - Apr 1998,"61,862 members"
Ginga Eiyuu Densetsu: Waga Yuku wa Hoshi no Taikai,7.88,Movie (1 eps),Feb 1988 - Feb 1988,"37,884 members"
Hoozuki no Reitetsu 2nd Season,7.88,TV (13 eps),Oct 2017 - Dec 2017,"45,784 members"
Jigoku Shoujo Futakomori,7.88,TV (26 eps),Oct 2006 - Apr 2007,"158,140 members"
Kami nomi zo Shiru Sekai II,7.88,TV (12 eps),Apr 2011 - Jun 2011,"382,526 members"
5-toubun no Hanayome Movie,7.87,Movie (1 eps),May 2022 - May 2022,"211,689 members"
BanG Dream! Film Live 2nd Stage,7.87,Movie (1 eps),Aug 2021 - Aug 2021,"6,445 members"
Berserk: Ougon Jidai-hen II - Doldrey Kouryaku,7.87,Movie (1 eps),Jun 2012 - Jun 2012,"205,151 members"
Carnival Phantasm,7.87,OVA (12 eps),Aug 2011 - Dec 2011,"192,628 members"
Cike Wu Liuqi,7.87,ONA (10 eps),Apr 2018 - Jun 2018,"92,834 members"
Cool Doji Danshi,7.87,TV (24 eps),Oct 2022 - Mar 2023,"79,345 members"
Dance Dance Danseur,7.87,TV (11 eps),Apr 2022 - Jun 2022,"78,757 members"
Golden Kamuy,7.87,TV (12 eps),Apr 2018 - Jun 2018,"367,604 members"
Heartcatch Precure!,7.87,TV (49 eps),Feb 2010 - Jan 2011,"30,797 members"
High☆Speed! Movie: Free! Starting Days,7.87,Movie (1 eps),Dec 2015 - Dec 2015,"90,620 members"
Hug tto! Precure,7.87,TV (49 eps),Feb 2018 - Jan 2019,"15,734 members"
Top wo Nerae! Gunbuster,7.87,OVA (6 eps),Oct 1988 - Jul 1989,"122,213 members"
Umibe no Étranger,7.87,Movie (1 eps),Sep 2020 - Sep 2020,"162,322 members"
Wu Liuqi: Anying Suming,7.87,ONA (10 eps),Jan 2023 - Mar 2023,"12,196 members"
Zan Sayonara Zetsubou Sensei,7.87,TV (13 eps),Jul 2009 - Sep 2009,"105,096 members"
Machikado Mazoku: 2-choume,7.87,TV (12 eps),Apr 2022 - Jul 2022,"63,493 members"
Mahou Shoujo Lyrical Nanoha: The Movie 1st,7.87,Movie (1 eps),Jan 2010 - Jan 2010,"30,639 members"
Musekinin Kanchou Tylor,7.87,TV (26 eps),Jan 1993 - Jul 1993,"48,009 members"
Ookami to Koushinryou II: Ookami to Kohakuiro no Yuuutsu,7.87,OVA (1 eps),Apr 2009 - Apr 2009,"165,117 members"
Sekaiichi Hatsukoi OVA,7.87,OVA (2 eps),Mar 2011 - Sep 2011,"69,713 members"
Shingeki no Kyojin OVA,7.87,OVA (3 eps),Dec 2013 - Aug 2014,"445,790 members"
Lupin III vs. Detective Conan: The Movie,7.86,Movie (1 eps),Dec 2013 - Dec 2013,"31,253 members"
Lupin the IIIrd: Chikemuri no Ishikawa Goemon,7.86,Movie (1 eps),Feb 2017 - Feb 2017,"38,335 members"
Magic Kaito 1412,7.86,TV (24 eps),Oct 2014 - Mar 2015,"120,498 members"
New Initial D Movie: Legend 3 - Mugen,7.86,Movie (1 eps),Feb 2016 - Feb 2016,"26,075 members"
One Piece 3D2Y: Ace no shi wo Koete! Luffy Nakama Tono Chikai,7.86,Special (1 eps),Aug 2014 - Aug 2014,"88,714 members"
Sayonara Zetsubou Sensei,7.86,TV (12 eps),Jul 2007 - Sep 2007,"337,218 members"
Seitokai Yakuindomo* OVA,7.86,OVA (10 eps),May 2014 - Sep 2020,"77,448 members"
Sekaiichi Hatsukoi Movie: Yokozawa Takafumi no Baai,7.86,Movie (1 eps),Mar 2014 - Mar 2014,"65,111 members"
Shingeki no Kyojin Movie 2: Jiyuu no Tsubasa,7.86,Movie (1 eps),Jun 2015 - Jun 2015,"122,793 members"
Beelzebub,7.86,TV (60 eps),Jan 2011 - Mar 2012,"581,378 members"
Berserk: Ougon Jidai-hen - Memorial Edition,7.86,TV (13 eps),Oct 2022 - Dec 2022,"33,831 members"
Carole & Tuesday,7.86,TV (24 eps),Apr 2019 - Oct 2019,"317,669 members"
Crayon Shin-chan Movie 09: Arashi wo Yobu Mouretsu! Otona Teikoku no Gyakushuu,7.86,Movie (1 eps),Apr 2001 - Apr 2001,"9,581 members"
Detective Conan Movie 01: The Timed Skyscraper,7.86,Movie (1 eps),Apr 1997 - Apr 1997,"69,528 members"
Douluo Dalu,7.86,ONA (26 eps),Jan 2018 - Jul 2018,"27,108 members"
InuYasha,7.86,TV (167 eps),Oct 2000 - Sep 2004,"771,052 members"
Tennis no Oujisama,7.86,TV (178 eps),Oct 2001 - Mar 2005,"179,344 members"
Uma Musume: Pretty Derby - Road to the Top,7.86,ONA (4 eps),Apr 2023 - May 2023,"9,186 members"
Youkoso Jitsuryoku Shijou Shugi no Kyoushitsu e,7.86,TV (12 eps),Jul 2017 - Sep 2017,"1,170,176 members"
Tiger & Bunny,7.85,TV (25 eps),Apr 2011 - Sep 2011,"222,669 members"
Urusei Yatsura 2: Beautiful Dreamer,7.85,Movie (1 eps),Feb 1984 - Feb 1984,"19,088 members"
Wan Sheng Jie,7.85,ONA (12 eps),Apr 2020 - May 2020,"23,734 members"
Yamada-kun to Lv999 no Koi wo Suru,7.85,TV (13 eps),Apr 2023 - Jun 2023,"302,364 members"
Yuru Yuri Nachuyachumi!,7.85,OVA (1 eps),Feb 2015 - Feb 2015,"71,988 members"
Non Non Biyori Repeat: Hotaru ga Tanoshinda,7.85,OVA (1 eps),Sep 2016 - Sep 2016,"47,892 members"
Noragami Aragoto OVA,7.85,OVA (2 eps),Nov 2015 - Mar 2016,"253,383 members"
One Piece Film: Red,7.85,Movie (1 eps),Aug 2022 - Aug 2022,"139,193 members"
Paradise Kiss,7.85,TV (12 eps),Oct 2005 - Dec 2005,"216,405 members"
Detective Conan Movie 22: Zero the Enforcer,7.85,Movie (1 eps),Apr 2018 - Apr 2018,"29,104 members"
Detective Conan Movie 23: The Fist of Blue Sapphire,7.85,Movie (1 eps),Apr 2019 - Apr 2019,"27,680 members"
Durarara!! Specials,7.85,Special (2 eps),Aug 2010 - Feb 2011,"165,698 members"
Hanasaku Iroha Movie: Home Sweet Home,7.85,Movie (1 eps),Mar 2013 - Mar 2013,"88,554 members"
Hoozuki no Reitetsu 2nd Season: Sono Ni,7.85,TV (13 eps),Apr 2018 - Jul 2018,"28,060 members"
Hoozuki no Reitetsu OVA,7.85,OVA (4 eps),Feb 2015 - Mar 2017,"17,031 members"
Ie Naki Ko,7.85,TV (51 eps),Oct 1977 - Oct 1978,"15,029 members"
K-On!,7.85,TV (13 eps),Apr 2009 - Jun 2009,"1,021,354 members"
K-On!!: Keikaku!,7.85,Special (1 eps),Mar 2011 - Mar 2011,"122,719 members"
Kaleido Star: Legend of Phoenix - Layla Hamilton Monogatari,7.85,OVA (1 eps),Dec 2005 - Dec 2005,"14,073 members"
Ano Hi Mita Hana no Namae wo Bokutachi wa Mada Shiranai. Movie,7.84,Movie (1 eps),Aug 2013 - Aug 2013,"287,999 members"
Beastars,7.84,TV (12 eps),Oct 2019 - Dec 2019,"817,926 members"
Grisaia no Meikyuu: Caprice no Mayu 0,7.84,Special (1 eps),Apr 2015 - Apr 2015,"225,254 members"
Hanma Baki: Son of Ogre 2nd Season,7.84,ONA (? eps),Jul 2023 - Aug 2023,"39,351 members"
Id:Invaded,7.84,TV (13 eps),Jan 2020 - Mar 2020,"348,921 members"
Isekai Ojisan,7.84,TV (13 eps),Jul 2022 - Mar 2023,"307,882 members"
Jibaku Shounen Hanako-kun,7.84,TV (12 eps),Jan 2020 - Mar 2020,"561,646 members"
K-On!: Live House!,7.84,Special (1 eps),Jan 2010 - Jan 2010,"156,831 members"
Tomo-chan wa Onnanoko!,7.84,TV (13 eps),Jan 2023 - Mar 2023,"326,830 members"
Trigun Stampede,7.84,TV (12 eps),Jan 2023 - Mar 2023,"149,164 members"
Tunshi Xingkong 2nd Season,7.84,ONA (104 eps),Dec 2021 -,"4,684 members"
Uchouten Kazoku,7.84,TV (13 eps),Jul 2013 - Sep 2013,"164,154 members"
Yume-iro Pâtissière,7.84,TV (50 eps),Oct 2009 - Sep 2010,"79,714 members"
Yuusha-Ou GaoGaiGar,7.84,TV (49 eps),Feb 1997 - Jan 1998,"20,954 members"
Kono Subarashii Sekai ni Shukufuku wo! Kono Subarashii Choker ni Shukufuku wo!,7.84,OVA (1 eps),Jun 2016 - Jun 2016,"389,271 members"
Magi: Sinbad no Bouken (TV),7.84,TV (13 eps),Apr 2016 - Jul 2016,"466,884 members"
Michiko to Hatchin,7.84,TV (22 eps),Oct 2008 - Mar 2009,"194,802 members"
Oniisama e...,7.84,TV (39 eps),Jul 1991 - May 1992,"44,913 members"
Seihou Bukyou Outlaw Star,7.84,TV (24 eps),Jan 1998 - Jun 1998,"151,369 members"
Sekaiichi Hatsukoi 2,7.84,TV (12 eps),Oct 2011 - Dec 2011,"154,113 members"
Shingeki no Kyojin Season 2 Movie: Kakusei no Houkou,7.84,Movie (1 eps),Jan 2018 - Jan 2018,"66,045 members"
Soul Eater,7.84,TV (51 eps),Apr 2008 - Mar 2009,"1,575,356 members"
Kara no Kyoukai Movie 4: Garan no Dou,7.83,Movie (1 eps),May 2008 - May 2008,"209,954 members"
Planetarian: Hoshi no Hito,7.83,Movie (1 eps),Sep 2016 - Sep 2016,"46,977 members"
Rurouni Kenshin: Meiji Kenkaku Romantan (2023),7.83,TV (24 eps),Jul 2023 -,"78,720 members"
Seitokai Yakuindomo Movie,7.83,Movie (1 eps),Jul 2017 - Jul 2017,"58,257 members"
91 Days,7.83,TV (12 eps),Jul 2016 - Oct 2016,"693,998 members"
Aoki Hagane no Arpeggio: Ars Nova Movie 2 - Cadenza,7.83,Movie (1 eps),Oct 2015 - Oct 2015,"30,733 members"
Break Blade Movie 4: Sanka no Chi,7.83,Movie (1 eps),Oct 2010 - Oct 2010,"57,216 members"
Capeta,7.83,TV (52 eps),Oct 2005 - Sep 2006,"26,284 members"
Danshi Koukousei no Nichijou Specials,7.83,Special (6 eps),Apr 2012 - Sep 2012,"133,614 members"
Gekkan Shoujo Nozaki-kun,7.83,TV (12 eps),Jul 2014 - Sep 2014,"901,505 members"
Gungrave,7.83,TV (26 eps),Oct 2003 - Mar 2004,"185,117 members"
Haikyuu!! Riku vs. Kuu,7.83,OVA (2 eps),Jan 2020 - Jan 2020,"285,322 members"
Hidamari Sketch x 365,7.83,TV (13 eps),Jul 2008 - Sep 2008,"31,398 members"
Suzumiya Haruhi no Yuuutsu,7.83,TV (14 eps),Apr 2006 - Jul 2006,"894,633 members"
Tamayura: Sotsugyou Shashin Part 3 - Akogare,7.83,Movie (1 eps),Nov 2015 - Nov 2015,"9,588 members"
Tanaka-kun wa Itsumo Kedaruge,7.83,TV (12 eps),Apr 2016 - Jun 2016,"447,886 members"
Tasogare Otome x Amnesia,7.83,TV (12 eps),Apr 2012 - Jun 2012,"391,914 members"
Tentai Senshi Sunred 2nd Season,7.83,TV (26 eps),Oct 2009 - Mar 2010,"7,911 members"
Tunshi Xingkong,7.83,ONA (26 eps),Nov 2020 - May 2021,"6,351 members"
Violet Evergarden CM,7.83,ONA (2 eps),May 2016 - Mar 2017,"5,251 members"
Wan Sheng Jie 2,7.83,ONA (12 eps),Oct 2020 - Dec 2020,"11,084 members"
Working'!!,7.82,TV (13 eps),Oct 2011 - Dec 2011,"259,090 members"
Yuru Yuri♪♪,7.82,TV (12 eps),Jul 2012 - Sep 2012,"181,662 members"
Kidou Senshi Gundam: Senkou no Hathaway,7.82,Movie (1 eps),Jun 2021 - Jun 2021,"33,972 members"
Kobayashi-san Chi no Maid Dragon S: Nippon no Omotenashi - Attend wa Dragon desu,7.82,Special (1 eps),Jan 2022 - Jan 2022,"68,807 members"
Kokoro ga Sakebitagatterunda.,7.82,Movie (1 eps),Sep 2015 - Sep 2015,"322,018 members"
Lupin III: The First,7.82,Movie (1 eps),Dec 2019 - Dec 2019,"30,681 members"
Otonari no Tenshi-sama ni Itsunomanika Dame Ningen ni Sareteita Ken,7.82,TV (12 eps),Jan 2023 - Mar 2023,"252,053 members"
Seto no Hanayome OVA,7.82,OVA (2 eps),Nov 2008 - Jan 2009,"52,467 members"
Somali to Mori no Kamisama,7.82,TV (12 eps),Jan 2020 - Mar 2020,"279,417 members"
Bungou Stray Dogs,7.82,TV (12 eps),Apr 2016 - Jun 2016,"1,318,451 members"
Eikoku Koi Monogatari Emma: Molders-hen,7.82,TV (12 eps),Apr 2007 - Jul 2007,"26,422 members"
Flanders no Inu (Movie),7.82,Movie (1 eps),Mar 1997 - Mar 1997,"21,682 members"
Haikyuu!! (OVA),7.82,OVA (10 eps),Mar 2020 - Mar 2020,"30,293 members"
Igano Kabamaru,7.82,TV (24 eps),Oct 1983 - Mar 1984,"10,800 members"
Aggressive Retsuko (ONA) 3rd Season,7.81,ONA (10 eps),Aug 2020 - Aug 2020,"85,484 members"
Akachan to Boku,7.81,TV (35 eps),Jul 1996 - Mar 1997,"22,221 members"
Blue Period,7.81,TV (12 eps),Oct 2021 - Dec 2021,"433,644 members"
Break Blade Movie 5: Shisen no Hate,7.81,Movie (1 eps),Jan 2011 - Jan 2011,"54,965 members"
Detective Conan Movie 08: Time Travel of the Silver Sky,7.81,Special (1 eps),Apr 2004 - Apr 2004,"21,092 members"
Doraemon (1979),7.81,TV (1787 eps),Apr 1979 - Mar 2005,"60,355 members"
Enen no Shouboutai: Ni no Shou,7.81,TV (24 eps),Jul 2020 - Dec 2020,"724,550 members"
Go! Princess Precure,7.81,TV (50 eps),Feb 2015 - Jan 2016,"17,256 members"
Goku Sayonara Zetsubou Sensei,7.81,OVA (3 eps),Oct 2008 - Feb 2009,"63,541 members"
Hibike! Euphonium Movie 2: Todoketai Melody,7.81,Movie (1 eps),Sep 2017 - Sep 2017,"28,604 members"
Hidamari Sketch x ☆☆☆ Specials,7.81,Special (2 eps),Oct 2010 - Oct 2010,"14,692 members"
Inu-Ou,7.81,Movie (1 eps),May 2022 - May 2022,"22,701 members"
Jungle wa Itsumo Hare nochi Guu,7.81,TV (26 eps),Apr 2001 - Sep 2001,"33,536 members"
Undead Girl Murder Farce,7.81,TV (13 eps),Jul 2023 -,"69,120 members"
Kuroko no Basket Movie 3: Winter Cup - Tobira no Mukou,7.81,Movie (1 eps),Dec 2016 - Dec 2016,"40,060 members"
Kuroko no Basket: Tip Off,7.81,Special (1 eps),Feb 2013 - Feb 2013,"101,950 members"
Little Witch Academia (TV),7.81,TV (25 eps),Jan 2017 - Jun 2017,"622,490 members"
Lupin the IIIrd: Jigen Daisuke no Bohyou,7.81,Movie (1 eps),Jun 2014 - Jun 2014,"28,118 members"
Mahoujin Guruguru (2017),7.81,TV (24 eps),Jul 2017 - Dec 2017,"32,263 members"
Mairimashita! Iruma-kun 3rd Season,7.81,TV (21 eps),Oct 2022 - Mar 2023,"167,269 members"
Maria-sama ga Miteru 3rd,7.81,OVA (5 eps),Dec 2006 - Jul 2007,"22,206 members"
Ojamajo Doremi Na-i-sho,7.81,OVA (13 eps),Jun 2004 - Dec 2004,"10,350 members"
Owarimonogatari 2nd Season Recaps,7.81,Special (2 eps),Aug 2017 - Aug 2017,"25,248 members"
Shingeki no Kyojin: Lost Girls,7.81,OVA (3 eps),Dec 2017 - Aug 2018,"294,274 members"
Slayers Try,7.81,TV (26 eps),Apr 1997 - Sep 1997,"53,828 members"
Star☆Twinkle Precure: Hoshi no Uta ni Omoi wo Komete,7.81,Movie (1 eps),Oct 2019 - Oct 2019,"3,716 members"
Little Witch Academia,7.80,Movie (1 eps),Mar 2013 - Mar 2013,"306,220 members"
Lucky☆Star: Original na Visual to Animation,7.80,OVA (1 eps),Sep 2008 - Sep 2008,"130,270 members"
Magi: Sinbad no Bouken,7.80,OVA (5 eps),May 2014 - Jul 2015,"131,354 members"
Mo Dao Zu Shi Q,7.80,ONA (30 eps),Jul 2020 - Jan 2021,"22,848 members"
New Initial D Movie: Legend 2 - Tousou,7.80,Movie (1 eps),May 2015 - May 2015,"28,887 members"
Nodame Cantabile: Finale - Mine to Kiyora no Saikai,7.80,Special (1 eps),Apr 2010 - Apr 2010,"43,360 members"
Princess Connect! Re:Dive Season 2,7.80,TV (12 eps),Jan 2022 - Mar 2022,"119,528 members"
Psycho-Pass 3: First Inspector,7.80,ONA (3 eps),Mar 2020 - Mar 2020,"90,905 members"
Saint☆Oniisan (Movie),7.80,Movie (1 eps),May 2013 - May 2013,"93,392 members"
Seikai no Senki II,7.80,TV (10 eps),Jul 2001 - Sep 2001,"23,264 members"
Baby Steps,7.80,TV (25 eps),Apr 2014 - Sep 2014,"144,355 members"
Beastars 2nd Season,7.80,TV (12 eps),Jan 2021 - Mar 2021,"419,243 members"
City Hunter 3,7.80,TV (13 eps),Oct 1989 - Jan 1990,"20,754 members"
Detective Conan Movie 07: Crossroad in the Ancient Capital,7.80,Movie (1 eps),Apr 2003 - Apr 2003,"50,297 members"
InuYasha Movie 3: Tenka Hadou no Ken,7.80,Movie (1 eps),Dec 2003 - Dec 2003,"99,111 members"
Jormungand,7.80,TV (12 eps),Apr 2012 - Jun 2012,"350,708 members"
Wolf's Rain,7.80,TV (26 eps),Jan 2003 - Jul 2003,"320,790 members"
Wu Shan Wu Xing (2020),7.80,ONA (3 eps),Jul 2020 - Aug 2020,"51,696 members"
Yi Nian Yong Heng,7.80,ONA (52 eps),Aug 2020 - Jul 2021,"15,085 members"
Yuuki Yuuna wa Yuusha de Aru: Washio Sumi no Shou 2 - Tamashii,7.80,Movie (1 eps),Apr 2017 - Apr 2017,"14,119 members"
Taishou Otome Otogibanashi,7.79,TV (12 eps),Oct 2021 - Dec 2021,"132,822 members"
The Last: Naruto the Movie,7.79,Movie (1 eps),Dec 2014 - Dec 2014,"582,572 members"
Tokyo Ghoul,7.79,TV (12 eps),Jul 2014 - Sep 2014,"2,719,229 members"
Kekkai Sensen & Beyond,7.79,TV (12 eps),Oct 2017 - Dec 2017,"422,062 members"
Last Exile,7.79,TV (26 eps),Apr 2003 - Sep 2003,"170,898 members"
Macross F Movie 1: Itsuwari no Utahime,7.79,Movie (1 eps),Nov 2009 - Nov 2009,"30,369 members"
New Initial D Movie: Legend 1 - Kakusei,7.79,Movie (1 eps),Aug 2014 - Aug 2014,"35,982 members"
Seitokai Yakuindomo Movie 2,7.79,Movie (1 eps),Jan 2021 - Jan 2021,"30,433 members"
Shadows House,7.79,TV (13 eps),Apr 2021 - Jul 2021,"232,958 members"
Coquelicot-zaka kara,7.79,Movie (1 eps),Jul 2011 - Jul 2011,"192,477 members"
Detective Conan Movie 09: Strategy Above the Depths,7.79,Movie (1 eps),Apr 2005 - Apr 2005,"48,218 members"
Digimon Adventure: Bokura no War Game!,7.79,Movie (1 eps),Mar 2000 - Mar 2000,"76,420 members"
Emiya-san Chi no Kyou no Gohan,7.79,ONA (13 eps),Jan 2018 - Jan 2019,"126,433 members"
Fate/Grand Carnival,7.79,OVA (4 eps),Dec 2020 - Oct 2021,"51,386 members"
Fate/Grand Order: Shuukyoku Tokuiten - Kani Jikan Shinden Solomon,7.79,Movie (1 eps),Jul 2021 - Jul 2021,"69,490 members"
Giant Robo the Animation: Chikyuu ga Seishi Suru Hi,7.79,OVA (7 eps),Jul 1992 - Jan 1998,"25,939 members"
Ginga Tetsudou 999,7.79,TV (113 eps),Sep 1978 - Mar 1981,"36,044 members"
Jungle wa Itsumo Hare nochi Guu Deluxe,7.79,OVA (6 eps),Aug 2002 - Jan 2003,"12,292 members"
Aria the Crepuscolo,7.78,Movie (1 eps),Mar 2021 - Mar 2021,"11,530 members"
Break Blade Movie 3: Kyoujin no Ato,7.78,Movie (1 eps),Sep 2010 - Sep 2010,"58,372 members"
"Clannad: After Story - Mou Hitotsu no Sekai, Kyou-hen",7.78,Special (1 eps),Jul 2009 - Jul 2009,"259,260 members"
Code Geass: Hangyaku no Lelouch R2 Special Edition - Zero Requiem,7.78,OVA (1 eps),Jul 2009 - Jul 2009,"47,796 members"
Crayon Shin-chan,7.78,TV (? eps),Apr 1992 -,"80,516 members"
Date A Live IV,7.78,TV (12 eps),Apr 2022 - Jun 2022,"231,878 members"
Detective Conan Movie 12: Full Score of Fear,7.78,Movie (1 eps),Apr 2008 - Apr 2008,"45,875 members"
Gochuumon wa Usagi desu ka??,7.78,TV (12 eps),Oct 2015 - Dec 2015,"127,458 members"
Gochuumon wa Usagi desu ka?? Dear My Sister,7.78,Movie (1 eps),Nov 2017 - Nov 2017,"40,550 members"
Hoozuki no Reitetsu,7.78,TV (13 eps),Jan 2014 - Apr 2014,"128,160 members"
Innocence,7.78,Movie (1 eps),Mar 2004 - Mar 2004,"157,500 members"
Jin-Rou,7.78,Movie (1 eps),Jun 2000 - Jun 2000,"170,355 members"
Tamayura: Sotsugyou Shashin Part 2 - Hibiki,7.78,Movie (1 eps),Aug 2015 - Aug 2015,"9,995 members"
There She Is!!,7.78,ONA (5 eps),Apr 2003 - Dec 2008,"24,528 members"
Kara no Kyoukai Movie 2: Satsujin Kousatsu (Zen),7.78,Movie (1 eps),Dec 2007 - Dec 2007,"234,930 members"
Kochira Katsushikaku Kameari Kouenmae Hashutsujo,7.78,TV (373 eps),Jun 1996 - Dec 2004,"17,838 members"
Magic Kaito,7.78,Special (12 eps),Apr 2010 - Dec 2012,"70,064 members"
Mind Game,7.78,Movie (1 eps),Aug 2004 - Aug 2004,"82,775 members"
Saiyuuki Gaiden,7.78,OVA (3 eps),Mar 2011 - Nov 2011,"13,407 members"
Shin Kidou Senki Gundam Wing: Endless Waltz Special,7.78,Movie (1 eps),Aug 1998 - Aug 1998,"58,556 members"
Kidou Senshi Gundam,7.77,TV (43 eps),Apr 1979 - Jan 1980,"127,995 members"
Kubikiri Cycle: Aoiro Savant to Zaregotozukai,7.77,OVA (8 eps),Oct 2016 - Sep 2017,"101,978 members"
Kumichou Musume to Sewagakari,7.77,TV (12 eps),Jul 2022 - Sep 2022,"197,461 members"
Love Live! School Idol Project 2nd Season,7.77,TV (13 eps),Apr 2014 - Jun 2014,"252,936 members"
Lupin III vs. Detective Conan,7.77,Special (1 eps),Mar 2009 - Mar 2009,"34,576 members"
Lupin III: Part II,7.77,TV (155 eps),Oct 1977 - Oct 1980,"33,644 members"
Lupin the Third: Mine Fujiko to Iu Onna,7.77,TV (13 eps),Apr 2012 - Jun 2012,"61,566 members"
Saraiya Goyou,7.77,TV (12 eps),Apr 2010 - Jul 2010,"90,384 members"
Sekaiichi Hatsukoi: Valentine-hen,7.77,Movie (1 eps),Mar 2014 - Mar 2014,"40,630 members"
Sonny Boy,7.77,TV (12 eps),Jul 2021 - Oct 2021,"285,843 members"
Akage no Anne,7.77,TV (50 eps),Jan 1979 - Dec 1979,"31,363 members"
Digimon Adventure,7.77,TV (54 eps),Mar 1999 - Mar 2000,"391,438 members"
Dragon Ball Z Special 2: Zetsubou e no Hankou!! Nokosareta Chousenshi - Gohan to Trunks,7.77,Special (1 eps),Feb 1993 - Feb 1993,"106,640 members"
Ginga Eiyuu Densetsu: Die Neue These - Kaikou,7.77,TV (12 eps),Apr 2018 - Jun 2018,"82,377 members"
Hadashi no Gen,7.77,Movie (1 eps),Jul 1983 - Jul 1983,"51,291 members"
